servei,id,nom,lat,lon,bicis,espais,canvi_rapid
Bicing,00028670e3d01438515caba403ffd680," PL  JOANIC - C / BRUNIQUER, 59",41.4055198,2.1622548,15,1,1
Bicing,00341b8b54545c560fdec7d7983f9f5a,"C/ SARDENYA,  178",41.3967169,2.1825085,14,25,14
Bicing,00565dda9629be93f8f69358b48602cc,"PL. CATALUNYA, 7",41.386543,2.169427,7,19,7
Bicing,006395fd7434c1f65d20cf0a1b0c94f0,"C/ VILADOMAT, 200",41.384810211467105,2.1508071246452154,7,14,7
Bicing,00e4814116fc414fb00b93cc1c9aa1ca,"C/ DEL DOCTOR TRUETA, 222",41.3992169,2.2041415,20,6,6
Bicing,026153e8343ea0aa59a299ddc55f1883,"C/ FELIP II, 214",41.426925,2.1786224,16,8,8
Bicing,03b90625659c5bcdf8466510c9c9cdb3,"C/ BAC DE RODA, 11",41.4023354,2.2105777,11,8,8
Bicing,03e6b3ec53c2502134c81d25be2babea,"PG. PUJADES, 2",41.389135,2.183489,10,16,10
Bicing,03f546e866d88a87aca588e8177f96eb,"AV. PARAL.LEL, 54",41.3751145,2.1709386,13,3,3
Bicing,03f8133a557d1706e2bdaa59db24514c,"AV. PARAL·LEL, 146 BIS",41.3751852,2.1592394,10,26,10
Bicing,04c1f418a16200483f9ff8d36ffbea54,"C/ VILLARROEL, 39",41.3821314,2.1606534,14,18,14
Bicing,04d2405659301888532b220530bf6ab7,"C/ SARDENYA, 362",41.4055143,2.1706498,2,18,2
Bicing,05cd03116f27936f57a868706aeb2753,"AV. RASOS DE PEGUERA, 10",41.462095,2.178959,2,15,2
Bicing,07bb417c7ade54ee396bb3377c172c20,"C/ SANT ADRIÀ, 2-8",41.433934,2.1896502,10,13,10
Bicing,080233252e62b5c4a5f651f1b69e7eff,"C/ PALLARS, 182",41.4003471,2.1969105,15,13,13
Bicing,084523f98844ad705e48d34b3d667865,PL. TETUAN,41.3943454,2.1751709,9,7,7
Bicing,086561ce0bc3e36a81eb90e26d0bc610,"C/ ROSSELLÓ, 108-110",41.388296,2.150878,8,9,8
Bicing,0894812b21c0802c56c0fcdcf203e18d,"C/ CONSELL DE CENT, 566",41.4040364,2.183145,4,33,4
Bicing,08d2c0fa3b24ab7c8cee1149ce4df3d7,"C/ BRUC, 88",41.394576,2.169295,5,11,5
Bicing,08f3770880c755e9b32c907b53690d71,"C/ PAU ALSINA, 54",41.4092005,2.16400285,9,8,8
Bicing,09257dd0300decf3aa34145b7988dbba,"C/ CAMÈLIES, 78",41.4145614,2.1658677,1,23,1
Bicing,092ea1f184d8d1755f3a5a91104916fe,"C/ BAILÉN, 100",41.396994,2.1706323,6,22,6
Bicing,094eb7b65cdf38f3f7abd6fe76833690,"AV. DIAGONAL, 680",41.3875297,2.1237141,0,27,0
Bicing,09734124b93865e145f57da0e1a8a096,"LA RAMBLA, 1",41.376326,2.176971,14,4,4
Bicing,09ca480f42e8a372dae53bc4137e7038,"C/ ALT DE GIRONELLA, 13",41.3949601,2.1302775,1,20,1
Bicing,09cb8fd9f4b645c6115ab159cf8451aa,"C/ SANT ANTONI Mª CLARET, 290-296",41.4138664,2.1777274,7,17,7
Bicing,09d2b48c91aac474258bef2a1700ed16,"AV. DIAGONAL, 668",41.3887069,2.1285766,0,30,0
Bicing,0a5863be2a7bf9d1a16bfe4461a8f6d0,"VIA FAVÈNCIA, 186",41.4427374,2.170393,2,20,2
Bicing,0a7556a190afc2de3bc42eef1b8b5515,"AV. DIAGONAL, 602",41.392878,2.143411,6,16,6
Bicing,0ae0e4f1bb5a5d21b268bec539413fde,"C/ J. MAYNARD KEYNES, 2|AV. DGNAL.",41.3862258,2.1168609,1,50,1
Bicing,0b683b9f2f5596baaea1da793fb36161,"C/ JOSEP PLA, 67",41.411381,2.2122054,9,13,9
Bicing,0bf11c6c1881281b3582f7468f7f7223,"AV. MERIDIANA, 47 (D)",41.3982615,2.1866517,10,21,10
Bicing,0c4cac5891975861c141dbd44374cd54,"C/ BILBAO, 2",41.4008312,2.206645,6,18,6
Bicing,0c539fabc4dc46d8b5ceb3be59fce5d1,CAMPANA DE LA MAQUINISTA (SAO PAULO I PL. DE,41.4389609,2.1996179,11,10,10
Bicing,0ca177aa7f157d4fd9ee72679f6d3b79,"C/ SARDENYA, 292",41.4016969,2.175767,8,4,4
Bicing,0d30318c6df68a1f890c2811482d2667,"RBLA. CATALUNYA, 33 - C/ DIPUTACIÓ",41.3896967,2.1652199,5,18,5
Bicing,0d8fa3d220b325a928f1d218b3155113,"C/ ROSA SENSAT, 20",41.3910756,2.1965766,6,12,6
Bicing,0df71ec07a30c424811aed381fbd0c2c,"C/ DIPUTACIÓ, 200",41.3857425,2.1610515,9,16,9
Bicing,0e3c6e1e8a235e4f609e6576314a8439,"C/ PUJADES, 57B",41.3958685,2.192952,21,1,1
Bicing,0f0b15d3a81bb3204cc64850518884e6,"C/ VILADOMAT, 244",41.3875712,2.1469336,2,25,2
Bicing,0f4ff722a51882a7792b8e3802178dc0,"C/ NÀPOLS, 125",41.3957813,2.1787074,20,11,11
Bicing,0f850a848dad56671cf211f1684580b8,"PG. FABRA I PUIG, 385",41.4333259,2.1629258,4,24,4
Bicing,0f9fe229cef0441785dc69de17b17418,"C/ GARRIGA I ROCA, 2",41.4191957,2.1718497,7,7,7
Bicing,101580d3395e059b4d12769a5d25d212,"C/ DIPUTACIÓ, 272",41.39161170092347,2.1689031978751205,13,14,13
Bicing,108f46fa37b199e3a56017d8ae34309e,"C/ SANT ISCLE, 60",41.433384,2.1716309,11,13,11
Bicing,10fc4e8d4de922b51c0ebdf29a61def8,"C/ DE BARTRINA, 14",41.4391174,2.1858025,20,3,3
Bicing,1139f0f7f91f6444cfaec68ec53b8433,"RAMBLA DE L'ONZE DE SETEMBRE, 31",41.4298991,2.1932159,23,5,5
Bicing,1161584f0cdec1e6c63e016824fe9db4,"AV. DIAGONAL, 672",41.3880355,2.1256248,2,30,2
Bicing,11d965aa22c062de75920e2666e720a4,"C/ AMILCAR, 1",41.4300161,2.1720191,5,6,5
Bicing,126463a86cb5fe5421dd27fed9c2c6bc,"C/ TARRAGONA, 141",41.3779613,2.1450491,11,8,8
Bicing,129546d3550305e9a5d2f725866b1667,"AV. JOSEP TARRADELLAS, 58",41.385004,2.1429115,3,15,3
Bicing,1369607dbd27029b530192d858bc0587,"PG. D'ENRIC SANCHIS, 33",41.4339212,2.2062245,10,15,10
Bicing,13b112063b8ee8e5475ddbd9e22539fb,"C/ CASANOVA, 139",41.3887127,2.1542277,15,14,14
Bicing,13cc3757d548c3d88d2cffe8fd10adac,"C/ MINERIA, 30",41.3649272,2.138599,5,10,5
Bicing,143a26af73018f0c2baf57f161c4df3c,"C/ CÒRSEGA, 216",41.3917666,2.1532163,10,22,10
Bicing,14facb5b151f405ddaa251d5e5a19680,"C/ JOSÉ DE  AGULLÓ, 9",41.3952027,2.1334873,2,22,2
Bicing,15175d0b3a62e7ab9b961b63cc527dea,"C/ VALLESPIR, 49",41.3796421,2.1368202,5,15,5
Bicing,152ba80b3ff3a4495a001e4e2ee3e50e,"C/ BRUC, 130",41.3969839,2.1661852,4,21,4
Bicing,1531183adae9d617f88b99b7056ae8f1,"C/ SAGUÉS, 1",41.3937414,2.1455022,6,22,6
Bicing,15603e849340dd9808548b709d679f56,"AV. RIO DE JANEIRO, 96",41.439692,2.182335,18,3,3
Bicing,16542042e0f60846cf29c95a67c22624,"C/ GRAN CAPITÀ, 9",41.3881262,2.1091535,2,22,2
Bicing,16a291fb985a60b7b1a195e5a20fd7f8,"C/ DE LES CORTS, 20",41.3854466,2.1288753,2,20,2
Bicing,1747e401e4657c8c550ffd30791cbfe5,"C/ SANCHO DE ÁVILA,  104 - C/ BADAJOZ",41.4003793,2.1924144,26,23,23
Bicing,1750df4f9a4a35c6fcdcb16d05a633b4,"C/ SANCHO DE ÁVILA, 170 / LLACUNA",41.4027907,2.1956161,3,20,3
Bicing,177691c9682b3cbc1b88eb02419d115d,PL. PAU VILA (D),41.381046,2.186576,33,9,9
Bicing,17e966aea4e9eaaaab7a77d5b59de955,AV. PARAL.LEL 164,41.3751866,2.1568773,6,10,6
Bicing,19177609459716eb56c7c72a5b5eb05c,"C/ DE BONAVISTA, 14",41.3983444,2.1598243,1,27,1
Bicing,196cd5717581af6bcee32f659e8bfb0a,"C/ ENRIC GRANADOS, 93",41.392135,2.1563542,11,14,11
Bicing,19d9cd8559c7ac1b0cb36b1f32708d41,"VIA AUGUSTA, 317",41.399017,2.124329,0,25,0
Bicing,1a05be16670c85752010f0efe4698995," PG. MARíTIM, 31 B (ANNEXA A LA  12)",41.3834753,2.194735,9,17,9
Bicing,1a670d1e045dd4d7733d85a8d2af7d9f,"C/ LEPANT,  278",41.4047056,2.1765126,2,18,2
Bicing,1af95e2acbba68a8b51a41615cc77042,"C/ MEJÍA LEQUERICA, 2",41.3819739,2.1268625,7,19,7
Bicing,1b5961d97851faaca78308b3afeef662,"AV.LITORAL, 84",41.3979002,2.2088454,10,15,10
Bicing,1b6c8a565030e3415310729ecda3071c,"PG. JOAN DE BORBÓ, 42",41.3779974,2.1884228,10,1,1
Bicing,1c3b749efc8354ce2fe1ca81e9b7a388,"GRAN VIA CORTS CATALANES, 760",41.3979779,2.1801069,29,16,16
Bicing,1e26d529b774405d07a7faa89bc2bbeb,"C/ GARCILASO, 77",41.4228449,2.1866363,3,8,3
Bicing,1f1b5a28741276e122f2ff81c30096ab,"AV. PARAL.LEL, 132",41.3750995,2.1613897,21,9,9
Bicing,1f6a881d188b0ee856f52612eb990a64,"C/ CAMÈLIES, 73",41.4134503,2.1631012,2,30,2
Bicing,1f6bcf57dac0a8e71974ad24678ed240,"TRAV. DE GRÀCIA, 92 / VIA AUGUSTA",41.3982304,2.1531031,5,11,5
Bicing,1f7b68ead83cf6ccc418c0cf0762ff90,"PL. JOAQUIM XIRAU I PALAU, 1",41.3785379,2.1767427,8,8,8
Bicing,1f91573279a4f9509a4957d52d1282eb,"C/ PAU ALCOVER, 94",41.401883,2.131524,1,24,1
Bicing,1f9e36d7f297b20aa6a1e64d491c7972,"RBLA. CATALUNYA, 47",41.3902625,2.164035,1,24,1
Bicing,202292284aa3e54a835a7d23b46736de,"C/ BAILÉN, 62",41.3952527,2.1730023,17,11,11
Bicing,20489f631072cc28555f2f9df8327ecd,"C/ DE LA SANTACREU, 2 (PL. DE LA VIRREINA)",41.4050968,2.1569161,7,17,7
Bicing,205a69a8b9006b34c6170024516fa6ee,"C/ PUJADES, 173/RBLA POBLE NOU",41.4018686,2.20077,15,4,4
Bicing,206772325f1d9ef3f1d490a20debc2b0,"PL. DEL NORD, 5",41.4068417,2.1558354,0,18,0
Bicing,20914ed69983503fe161056b18b5af13,"C/ CIUTAT DE GRANADA, 168| AV.DIAGONAL",41.404511,2.189881,4,17,4
Bicing,209936f04819af74dbbbbb11324f1698,"PG. VALLDAURA, 171",41.4389014,2.1715576,9,14,9
Bicing,20b1df9310878ec699cf30978127aef4,"C/ CASANOVA, 55",41.3847738,2.1592566,15,11,11
Bicing,2131f17cce068654ea6dd796f6775cc9,"AV. PARAL.LEL, 98",41.3751767,2.1658972,16,2,2
Bicing,22b6aea1f7b692f680a79ee5c12af878,"PL. DELS JARDINS D'ALFÀBIA, 1",41.4373376,2.1740962,6,8,6
Bicing,22fab28014c789ae790f6cec7ce8696b,"C/ PABLO IGLESIAS, 21",41.443387,2.1813051,14,14,14
Bicing,2375a6bbc305836292db4b9459bad6c4,"C/ CUBELLES, 2",41.426078,2.1751572,8,17,8
Bicing,23908bbb2bc4fc7e610d008664f3e409,"C/ SARDENYA, 494",41.4107641,2.1640965,8,13,8
Bicing,23b6f7550b25fbd13f67b32e2bbde1e1,"C/ D'ESCORNALBOU, 51",41.4180789,2.1763994,2,15,2
Bicing,23be479e3ea0a96b3e62bfbde867a286,"C/ TARRAGONA,  159-173",41.379363,2.143868,1,17,1
Bicing,23cc6d49887a1bfeaf87ade0363487fd,"C/ ROSSELLÓ, 497 (xamfrà)",41.4081139,2.176757,2,16,2
Bicing,23f4d8de839b3faed12399069fc003bb,"C/ GOMBAU, 24",41.3872437,2.1793035,16,6,6
Bicing,24749fc9c12ae80014048d948ebcdcd6,"C/ BERLÍN, 38",41.3832609,2.1392662,3,23,3
Bicing,24ba194eff6a95e97d82e54e3dccaf63,C/ MUNNÉ  2-6,41.37541,2.1232547,9,18,9
Bicing,258702699a30e5e6ef91fc779acf10f7,"C/ ESTEVE TERRADAS, 42",41.4144967,2.1402433,4,22,4
Bicing,263c4d013e6517336c3a20c949bd1e31,"PG. FABRA I PUIG, 449",41.4388644,2.1657506,1,20,1
Bicing,26b8f6b463d3b12280093545d6d64c5f,PG. DE COLOM (VIA LAIETANA),41.380628,2.1821917,24,3,3
Bicing,2859e381ef181038d89fdc04ef067165,"C/ TARRAGONA, 103-115",41.3763948,2.1473272,15,17,15
Bicing,285fb40978472b0c0755ff451abf3dff,"C/ BAC DE RODA, 157",41.4113024,2.1987258,9,8,8
Bicing,296d8cf892209d45de2ffb6cd8bfc9ec,"C/ LAFORJA, 74-76",41.3976165,2.1471724,1,24,1
Bicing,2a09840707012491550b6807d25f2c84,"C/ DIPUTACIÓ, 373",41.3968391,2.1756598,12,14,12
Bicing,2ac4f6528d3b970a9fb266edd9776986,"C/ PUJADES, 121",41.3993329,2.1974184,25,9,9
Bicing,2aff2ad9ec4b1b84d6abd6492da2e4e6,"C/ BRUC, 66",41.393489,2.1707419,22,6,6
Bicing,2b7e06d5817b25f553679395011780ae,"C/ PAMPLONA, 116 (xamfrà)",41.399087231074645,2.1883941429222054,13,11,11
Bicing,2b993294c8972929fed281e92891f252,"C/ GRAN DE GRÀCIA, 91",41.4006862,2.1543317,4,12,4
Bicing,2cf57e9086d0eebfbba51e26c23d0c6e,"C/ TORRENT DE L'OLLA, 11",41.3989713,2.1606736,7,18,7
Bicing,2eba5bdf50133a1330d68bd60522da49,"C/ DE LES ESCOLES PIES, 99",41.4029965,2.1283866,0,26,0
Bicing,2fc82524d601d2b5a6e899ddb9fad45a,"PTGE. CALAFELL, 3",41.4237747,2.1546161,0,22,0
Bicing,30523ab4cbdb1282d68199e25f481983,"RAMBLA CATALUNYA, 133 /  CÒRSEGA",41.3953894,2.1572953,2,16,2
Bicing,305ae67218afaca2bbcb3ff18f48c766," AV. MARTÍ CODOLAR, 2 | COLL I ALENTORN",41.42499167950743,2.1481965604466424,0,20,0
Bicing,3074f74d1d0b376da926a2c7db3c7977,"C/ VALÈNCIA, 621",41.4108005,2.1872438,4,15,4
Bicing,30f67feaf5a06496a48c4faf1fe559df,"C/ SANTA AMÈLIA, 2",41.3935355,2.1231228,0,24,0
Bicing,31510e5643434782b828ba5d91cff7f0,"C/ SANT RAMON DE PENYAFORT, 1",41.4134833,2.2206913,28,21,21
Bicing,31db8a173f6808528f760738023a0d62,"AV. D'EDUARD MARISTANY, 1 /FORUM",41.4109763,2.2193724,19,13,13
Bicing,322b68b58c0cae1ff17acb1464eb2337,PG. DE COLOM - VIA LAIETANA,41.380624,2.1820675,20,2,2
Bicing,3265388081aa892ccb5c0730f388da9e,C/ JOSEP SAMITIER | AV. JOAN XXIII,41.3812111,2.1190863,0,25,0
Bicing,3285abf457eb641068daf1b4e5a778de,"AV. LITORAL, 40 (D)",41.3896642,2.1999572,28,18,18
Bicing,3360c263fd39ea95302bf51e7721067e,"C/ LLACUNA, 86",41.4022657,2.1976297,1,27,1
Bicing,34419711ca6f3df9e56a17c7f082b514,"C/ D'ALACANT, 12",41.4000778,2.1326911,2,24,2
Bicing,346a3f4d1e15c95fcf7abf4dd69cb0a7,"C/ LISBOA, 128",41.4267638,2.1521909,0,27,0
Bicing,34cdc33080951b4f34169e9b0de12e71,"C/ PERIODISTES, 9",41.422037,2.174401,1,16,1
Bicing,35dee580f2824b604e13f794b0c66262,"RAMBLA DEL RAVAL, 13",41.3793558,2.1689592,16,6,6
Bicing,35e66e698b6339913614094b36a65fc8,"C/ NOU DE LA RAMBLA, 164",41.3719688,2.1667829,5,18,5
Bicing,363c591f6e428ff1d478e80b6ae106b6,"C/ DE ROSSELLÓ I PORCEL, 1 | AV. MERIDIANA",41.4364887,2.1841014,16,13,13
Bicing,36a77ee7024d6a550a37897e26e1cc3d,"PL. JEAN GENET,  1",41.376735,2.1740082,12,4,4
Bicing,36bdd6c1fecf797cbdf1cc70c4a46a4b,"C/ MARINA, 199",41.4005784,2.1788855,19,11,11
Bicing,371fdbbe54ad9b4dad4c2348497188ea,"PL. CATALUNYA, 10-11 (PG. DE GRÀCIA)",41.387696,2.1696543,3,18,3
Bicing,3816f07afcd45edd4822fe3147d18799,"C/ NOU BARRIS, 23",41.4480464,2.1775154,3,13,3
Bicing,386c55096475077ec2346c1a074a2f21,"C/ CASTELLA,  28 / DIAGONAL",41.4056269,2.1977119,14,9,9
Bicing,38ebb650dd9d97eed0737b715bc34c1a,"C/ ROC BORONAT, 134",41.4034967,2.1936584,13,29,13
Bicing,39a2c0f0f49e9e3449fc18a3215cfd88,"PG. BONANOVA, 100",41.400793,2.122889,2,20,2
Bicing,3a2ade138375fbb7e09bd97923442494,"C/ BOLIVIA, 120",41.4058109,2.1949461,13,10,10
Bicing,3b49ae2b98339c34d6fb46ce8f0fcc65,"C/ ROSSELLÓ, 453",41.4060589,2.1740472,7,20,7
Bicing,3c096aee00bf5fd600b60936a0fe3e52,"C/ CASANOVA, 119",41.387888,2.1552902,11,15,11
Bicing,3c743ecf94b93efe624e6495b8634440,"C/ SANTALÓ, 165",41.4009,2.13892,9,12,9
Bicing,3d0eb79ed109cc00dfd80dc5ed800cf5,"C/ JOAN GÜELL, 98",41.3812001,2.1323612,1,20,1
Bicing,3dbb2b93d9b68513c2c52e9c10e64aba,"C/ JUAN GRIS, 28",41.3653426,2.1331357,7,24,7
Bicing,3dc0ced3eb7d74f753eff203d02d79cd,"C/ ARGENTERA, 23",41.4117633,2.1453424,1,19,1
Bicing,3e5d559944765b0a79693f6177076ce1,"PG. FABRA I PUIG, 411",41.4357978,2.163872,0,27,0
Bicing,3fb21dc4e7e2869c4302ba1ba280f3b1,"C/ ENTENÇA, 301",41.38952,2.13862,2,22,2
Bicing,404e95fdd5b74e1e23f3c5726866ee29,"C/ PERE IV, 488",41.4148983,2.207186,12,10,10
Bicing,408725c15ad93ef162f0e92a0cfec7d1,"C/ LOPE DE VEGA, 79",41.4038902,2.2041137,12,14,12
Bicing,417ad16238c60e93946e9c620a3d8401,"C/ PALLARS, 504",41.4140598,2.2150487,10,14,10
Bicing,4221670311bebbea4f1f557ffcd04050,"C/ VIRIAT,  53",41.3808222,2.141539,0,19,0
Bicing,42dc5e1f94087c6cc143d7b6144a04a2,"AV. CAN MARCET, 36",41.4347859,2.147904,1,24,1
Bicing,431ed6d01c118a6b0295a8f949fe526a,"C/ WATT, 2",41.3754426,2.1398409,6,7,6
Bicing,43cd75e496ecd2187a03c10902556277,"GRAN VIA DE LES CORTS CATALANES, 632",41.3890626,2.1679313,7,6,6
Bicing,43cdddea3c798a5ce5c81ad93210d498,"C/ ANDREU NIN, 22",41.4347233,2.1817718,17,9,9
Bicing,45307942511011020db4625be2fba678,"AV. MERIDIANA, 40",41.3960652,2.1871959,6,11,6
Bicing,455446f63c8b93fac65bf23a56262efb,"C/ NÀPOLS, 344",41.4054458,2.1663172,15,13,13
Bicing,465d5fbd9f725cdd4dbdba1f0612ce64,"GRAN VIA DE LES CORTS CATALANES, 609",41.3893222,2.1678388,4,8,4
Bicing,468cdd79007124037cb4c49834f0f4c4,"GRAN VIA DE LES CORTS CATALANES,  981",41.4120452,2.1972673,1,17,1
Bicing,4695e42f21ff521e2f7f08ed7eda702d,"C/ ESPRONCEDA, 124",41.4065912,2.203028,11,14,11
Bicing,485e3dcc8a771641516691cbcf3631e2,"AV. DE LA CATEDRAL, 6",41.3850616,2.1766834,19,1,1
Bicing,4a30020e6926a2ba39f88be0f6bba5cb,"C/ SANT OLEGUER, 2",41.3775319,2.1707321,12,0,0
Bicing,4a63c1017c6874ca8491622dded0c3d3,"PL. URQUINAONA, 3",41.3893094,2.1727457,5,18,5
Bicing,4adedd174616ff28ded24a9ad859660f,"PG. ZONA FRANCA, 54",41.3545425,2.1433038,7,11,7
Bicing,4b6e4440cac580a0f4055d7468f2935e,"C/ DELS ENAMORATS, 49",41.4040525,2.181199,5,26,5
Bicing,4b706ced6b46617641ab8a7c2f09bc5f,"AV. JOSEP TARRADELLAS, 133",41.3900085,2.1432105,9,6,6
Bicing,4bb1fd0291adbb8f29ad93854e5d026b,"C/ PROVENÇA, 317",41.3988184485363,2.166735224916682,9,8,8
Bicing,4bdc1a278f6ce0475588aca3e87ed6ae,"AV. ROMA,  136",41.3852585,2.155089,4,12,4
Bicing,4d9eddb337a5445a36c262bc8358952d,"AV. MARQUÉS DE L'ARGENTERA,  3",41.383597,2.184171,16,4,4
Bicing,4dfd8455201f85dbdab1b9875c1d243d,"C/ ALEXANDRE GALÍ, 1-5",41.4239719,2.1812399,6,17,6
Bicing,4e166f81d275254f6d701f3ff3c80649,"C/ VILLAR, 2",41.4164824,2.1801094,8,24,8
Bicing,4e1e9b146f81a64487cce22816ff59af,"PTGE. MALUQUER, 16",41.4095489,2.1360313,0,27,0
Bicing,4ec39ba0bb29d1ca4292b40933dc6bb8,"C/ DE NIL FABRA, 16-20",41.4059356,2.1517977,4,14,4
Bicing,4edfad5f85ac5f41f71d030bb02c7a3d,"C/ ALMOGÀVERS, 63",41.3943033,2.1860256,12,13,12
Bicing,4ee62fada6250687374151b4aeb039fa,"C/ ROGER, 24",41.3767538,2.1269152,3,24,3
Bicing,4f0c56ea18d30a06609a7947f8645968,"C/ SARDENYA, 465",41.4090922,2.1656378,0,24,0
Bicing,4f0cdc9d1e090de64755ea017b643f1e,PL. UNIVERSITAT,41.385503,2.1634768,5,14,5
Bicing,4f35587b5a87254f405a876d473846c4,SEU DEL DISTRICTE (NOU BARRIS),41.4363473,2.1706752,5,19,5
Bicing,4f57882bd9e80a8ba121bad1315b9d25,"C/ RAMON TURRÓ, 4",41.3905303,2.1906339,8,11,8
Bicing,4f6b0a073b67a22434cab65e4fedf4ad,"C/ LONDRES, 101-103",41.3936144,2.1507739,2,18,2
Bicing,4f7f0e5605acd664b3a57dfe7c90667b,"RAMBLA PRIM, 79",41.416043,2.2124993,32,0,0
Bicing,4fc2b099f144cfca9c0c0df278e371d2,"C/ PROVENÇA, 445",41.4048623,2.174799,2,14,2
Bicing,5030fd4c58f12bc3e15d661e4c969152,"C/ VILLENA, 1",41.38860659692564,2.1921945084594707,29,25,25
Bicing,508b30de9a0df2655f739a08903c7d45,PLAÇA ALFONS X EL SAVI / RONDA DEL GUINARDO,41.4121345,2.1652216,1,22,1
Bicing,515587ca0fcf6ecc240ae4ca9c4b40f0,"C/ EDUARD TODA, 33 | C/ DOCTOR LETAMENDI",41.4345997,2.1585268,0,26,0
Bicing,52249e8f72004c480c1c6a8576e026b3,"C/ DEL COMTE D'URGELL, 75 B",41.3830299,2.1571646,14,9,9
Bicing,52fa73f978c70844a5df97a301a116b7,"C/ ROSSELLÓ, 354",41.4031491,2.1707947,3,22,3
Bicing,534be855dda9378f5803c7a7bf3d6f18,"RAMBLA DE GUIPÚSCOA, 103 /CANTÀBRIA",41.4200135,2.2016699,6,15,6
Bicing,53ce167862161ac3e0db641efe20d40a,"C/ NUMÀNCIA, 136",41.3878061,2.1344218,0,19,0
Bicing,542e07db8c95f24dd4f57175db5413dd,"C/ ARAGÓ, 614",41.4095069,2.1885055,6,14,6
Bicing,545622f1022747ed7f84d5e0d1cf184b,"C/ VALÈNCIA, 312 (xamfrà)",41.3950976,2.1666929,6,16,6
Bicing,54b26dd25ba58f0dfe77e914dc0c5867,"C/ PUJADES, 191",41.4026275,2.2017694,23,4,4
Bicing,54bd829993a3b684100ac9a064956b45,PG. DE LLUIS COMPANYS (ARC DE TRIOMF),41.391313,2.1808391,14,16,14
Bicing,54ed62464266d6c6a9f500db64487420,"C/ VIRIAT, 43",41.3806074,2.1408633,3,17,3
Bicing,5562e2dd310db24f4e4ec3ea696d786d,"C/ CRISTÓBAL DE MOURA, 163 (xamfrà)",41.4135108,2.2093559,6,10,6
Bicing,558a9588c57f132d922efd3be50d01f8,PL. TERESA DE CLARAMUNT/C/ DELS FERROCARILS,41.3631066,2.1398322,8,24,8
Bicing,55ffdfb26f20df2d6ecefaec7f63843a,"C/ DIPUTACIÓ, 22",41.377846,2.150523,5,14,5
Bicing,5623abe908c3b96a5aceb962c0273f6a,PL. VICENÇ MARTORELL,41.3842634,2.1692556,15,5,5
Bicing,564381fdb919b9d87d5fe0401634b667,"C/ MARINA, 25-33",41.388143,2.195551,20,32,20
Bicing,56510ff03d4f05f12f0558f3b2c00592,"C/ COMERÇ, 36",41.3869612,2.1820169,18,1,1
Bicing,57f74aae4218dbfd66eddce174ff557f,"C/ SANT FRANCESC XAVIER, 1",41.4417001,2.1781553,5,5,5
Bicing,5869b4d6a0fb19d55cf197cf737b00e0,"AV. JOSEP TARRADELLAS, 27",41.3829333,2.1420704,1,19,1
Bicing,58abd7401d2bb160e3666d167cb3ad1b,C/ ARAGÓ 147,41.3847528,2.1546746,2,12,2
Bicing,58b2f4261bcad8e026d73a9e75a843f6,"C/ ROSSELLÓ, 557",41.4110754,2.1809764,1,30,1
Bicing,58fbf6dface3f876f372cf38e1f4297d,"C/ CLOT, 1",41.4063864,2.1874404,13,8,8
Bicing,595e572ca67b7fd58818285d5f751af7,"C/ LONDRES, 63",41.391756,2.148291,10,17,10
Bicing,5a6414864fcc3c3d8b88fa7c62aabbac,"270 - CRTA. DE RIBES, 77 (TRINITAT VELLA)",41.4486328,2.1898372,5,20,5
Bicing,5a6b4c6a6b38a2ed0eba51fd65e031a3,"C/ VILADOMAT,  2",41.3755747,2.1629349,18,7,7
Bicing,5a81f702076a4092dd6e7581ffc307ff,"GRAN DE GRÀCIA, 155 (METRO FONTANA)",41.4025392,2.1524704,2,20,2
Bicing,5ad61e30662fbc77da561d09aebbdc9f,"AV. MARQUÉS DE  L'ARGENTERA, 15",41.384844,2.185085,19,3,3
Bicing,5b5bd28eaaea32d5f45aa307a5b306b7,"AV. FRANCESC CAMBÓ, 10",41.3855644,2.1773214,21,0,0
Bicing,5ba9b6be5098ba3b2cbcb81149a5f7c6,"C/ CANTÀBRIA, 55",41.4224015,2.198071,16,8,8
Bicing,5c10c2dba1c5a8e8d9dcbb251fd8eab7,"RAMBLA DE L'ONZE DE SETEMBRE, 69",41.4299999,2.190246,17,8,8
Bicing,5dd9cb2366f74b3f39ced69bc1b27e63,"C/ DE RIBES, 59 B",41.39828,2.1830315,21,9,9
Bicing,5e5d2776870d78c58607c84eb4db80d6,"C/ BRUC, 20",41.3908381,2.1743743,7,15,7
Bicing,5e8a9a99852ecd51a4d45c378a80a320,"C/ RAMÓN TURRÓ, 160",41.3972809,2.1997869,13,12,12
Bicing,5e949bd62eec0a3872120b7300358308,PL. JESÚS CARRASCO,41.4450463,2.176726,2,16,2
Bicing,5eb9bb6fe3eb70e4a3250c05c5e46dc9,"C/ VALLDONZELLA, 2",41.384575738679445,2.166261693115219,3,14,3
Bicing,603359f89c4bd2f9e534261e8f834f48,"AV. DIAGONAL, 652",41.389462,2.1314948,1,24,1
Bicing,60e5da341ebfa80528cf1fd1995f8310,"C/ RIERA ALTA, 6",41.3806411,2.1671611,6,19,6
Bicing,614ca4a84009c33664c8489c909264f4,"C/ FELIU DE CASANOVA, 1",41.3754188,2.1297823,2,27,2
Bicing,614fa4d6943058d43722dc81a0564c6c,"C/REPÚBLICA DOMINICANA, 25 (CENTRO COMERCIAL)",41.439929,2.1970692,12,17,12
Bicing,61d81b4360844568211617c073999473,"C/ MALLORCA, 194 (xamfrà)",41.38997,2.15772,2,21,2
Bicing,627e166d8b3316534a9b51f10ee3d3ff,"C/ IRLANDA, 34",41.4315,2.18579,10,3,3
Bicing,62fb13f795141f7e52d9a318ec66fe08,"C/ PAVIA, 3",41.3734706,2.1332694,9,15,9
Bicing,6483b6ba840a05a814874d0e94cd241f,"AV. ESTADI, 38",41.3663147,2.1522059,16,3,3
Bicing,649a6bce881584f2182784d49e47284e,"C/ CASP, 67",41.3937234,2.1764275,15,14,14
Bicing,649da7e42e026afec2f1bae50f912cd1,"PASSATGE DE SENILLOSA, 3-5",41.3954723,2.1250451,1,25,1
Bicing,6522571fe7fa2aaecb16c6049b211ec2,"C/ MÚRCIA, 64",41.4166982,2.1909952,9,14,9
Bicing,6597296b8aba550c3c36e8fba2e2a563,"C/ SANT RAMON NONAT,  26",41.3770199,2.1169828,4,12,4
Bicing,65eae831e3dbb2bfc1bcb13da8ce3fd9,"C/ INDÚSTRIA, 329",41.4172922,2.1844769,5,27,5
Bicing,6627cf97075521a6295e0364ae4d4e7f,"C/ MALATS, 98-100",41.4366708,2.186105,3,12,3
Bicing,6664971e93f901e063d983180e293d3d,"C/ FLORIDABLANCA, 145",41.3819459,2.1629146,5,21,5
Bicing,66c267ba8e1f56ad341dd17f54c369f9,"C/ PEDRELL, 52",41.4246548,2.166289,6,18,6
Bicing,670661fba74c24adc1778757b3388588,"C/ CAVALLERS, 67",41.3934324,2.115107,6,20,6
Bicing,6771869a4e86404f73b349215b92369d,"PL. SANT MIQUEL, 4",41.381708,2.177292,19,5,5
Bicing,67d773ed6f6c11ef95f08828e0043e17,"C/ LONDRES,  53",41.3912605,2.1476308,19,3,3
Bicing,6862769769ff575bde387fa0dfe64d91,"C/ GRANOLLERS, 1",41.4283127,2.1629889,4,18,4
Bicing,689309692643da94970d523bb63d78fe,"C/ ARAGÓ, 288",41.39352,2.166797,3,21,3
Bicing,693793a79f93ebddb37e1610e5e0f952,"PG. TORRAS I BAGES, 29",41.4378773,2.1910691,12,6,6
Bicing,6a26ea12319de8832d6b1e98912f725a,"C/ MAS CASANOVAS, 137",41.4158995,2.1745567,0,22,0
Bicing,6ab48a3f17b678b7a14b5e1ec31d716c,"PG. DE GRÀCIA, 61",41.393062,2.1633226,1,29,1
Bicing,6b3e985a3214ab5d1e0732c5a00537e8,"RAMBLA DE GUIPÚSCOA, 43/FLUVIA",41.4158412,2.1959771,16,23,16
Bicing,6b8811ce09e41525e28e55e4c32d6842,"C/ QUATRE CAMINS, 46",41.410472,2.131204,0,28,0
Bicing,6bbc3329c88fa6e540166c5298c00686,WORLD TRADE CENTER,41.3720293,2.1804468,13,29,13
Bicing,6c594ebea1fb649cf3139aacd6e08031,"C/ COMTE D'URGELL, 43",41.3812504,2.1594741,10,22,10
Bicing,6c8a27a1642eddd5ccf4dfb99a120140,"C/ ROSSELLÓ, 261",41.3954094,2.1599427,1,24,1
Bicing,6dd5a991ff777d35b32920e749a47112,"C/ SELVA DE MAR, 230",41.417694,2.1976864,6,20,6
Bicing,71f8b22073c7a1dcaa58c7c0f2c28bba,"C/ PARE MARIANA, 24",41.4306689,2.1456449,2,24,2
Bicing,7231524b4cb51d780d762ce7c5440ca2,"RBLA. BADAL, 73 | C/ CONSTITUCIÓ",41.3685394,2.1328403,5,11,5
Bicing,73006d172c99dc41ac2bfc7782bec7b7,"PG. MARÍTIM DE LA BARCELONETA,6",41.3795862,2.1925198,18,8,8
Bicing,731238b3f7db22b5ac80282218d431f2,"C/ FELIPE II, 112",41.4219291,2.1849107,13,17,13
Bicing,733c4b7dc13adf43eda617825b978026,"AV. DIAGONAL, 634",41.3908477,2.136579,3,21,3
Bicing,7430c4b147d738a9d824c337da6c9071,"PG. VALL D'HEBRÓN, 80",41.419965,2.1401823,0,17,0
Bicing,75dce6b1bc1c7913937f6e50091a9252,"C/ MARIE CURIE, 8-14",41.4366871,2.1693134,5,22,5
Bicing,762363dddf5baf047e2a56deba1b37ca,"C/ JOSEP ESTIVILL, 32",41.4175595,2.1877153,10,12,10
Bicing,768a668cd88b3ad269f7f0a5bb272f10,"TRAVESSERA DE GRÀCIA, 328",41.4082107,2.1689962,12,10,10
Bicing,773b659249bfb4bea3ea7592e540bc1e,"C/ CONCEPCIÓ ARENAL, 281",41.4325013,2.1842021,7,20,7
Bicing,7794c97066f54421f2e6b5a4d3e93d86,"C/ RIERA D'HORTA, 2",41.427591,2.183966,8,26,8
Bicing,77b22a595457491b4f573c1b393bf716,"C/ MANILA, 53",41.39007496439785,2.1264963889549193,4,20,4
Bicing,77e6513f3a43c3054c71144be4132e59,"C/ BILBAO, 174",41.4090202,2.1954152,15,13,13
Bicing,790df2a3ab9214fa167cefd9b4933ec2,"C/ CAMPO FLORIDO, 66",41.4216738,2.1799878,6,11,6
Bicing,7a85b16030c1e8ba38e176f471deb552,"VIA DE BÀRCINO, 54",41.45137,2.1922985,1,19,1
Bicing,7be8b5ea66e4126db598f2c674953f92,"C/ ROSA SENSAT, 12",41.3906051,2.1972309,4,16,4
Bicing,7bfc210262d212fae21b9bd6e5134d40,"AV. DOCTOR MARAÑON, 25 |PAU GARGALLO",41.383585,2.112186,0,28,0
Bicing,7c21a5ffcb9e694f3a6cae488cfcade5,"RAMBLA DE PRIM, 19",41.4116634,2.2183313,8,23,8
Bicing,7d5ed93b63811f1aacd75f5ecb137eae,"C/ LLEIDA, 40",41.3717304,2.1554047,22,3,3
Bicing,7e0f36c8984aef9eefa972cece14ab6d,"C/ DE CAN SEGALAR, 4",41.38794133109378,2.13059591593856,5,27,5
Bicing,7f6345da889f235b5dcb5f42e48b2be9,"C/ DOS DE MAIG, 230-232",41.4071692,2.1820722,9,5,5
Bicing,828aabafef632a022098fb26044bcf63,"C/ VALLESPIR, 194",41.3847113,2.1334379,8,18,8
Bicing,8344100c041dd422a4efaf2be6961e27,"AV. MARQUÉS DE L'ARGENTERA,13",41.384546,2.184922,18,2,2
Bicing,837a89e6f83e86ee9812f66f36bea49a,"C/ ENTENÇA, 137",41.381951,2.147474,16,19,16
Bicing,837b1735c1425961256c0028bc839c0e,"C/ PALÈNCIA, 31",41.4182129,2.1904005,13,13,13
Bicing,83c1b708f8fff858d20f137f1153fb0c,"RONDA SANT PAU, 79",41.3783467,2.1633139,4,20,4
Bicing,845cbafdf23257211a95c9e4011cd13c,"C/ RAMON TURRÓ, 182 (xamfrà)",41.39816,2.20085,9,14,9
Bicing,84a14ee591bad0c01cf695bfeb743c9b,"C/ AMILCAR, 78",41.4260751,2.1722534,3,22,3
Bicing,85754ee6b3be59b9e61376c7d72cd0eb,"C/ MAIGNON, 31-41",41.4095926,2.1524953,2,28,2
Bicing,85dc8b5af64cd8170cb4d2b437339c75,"C/ ENRIC  GRANADOS, 35",41.389668,2.1599078,2,19,2
Bicing,86511c8ca4c89cfbdf783e69ab9e27fe,"C/ CASTILLEJOS, 184",41.4021805,2.1829894,8,19,8
Bicing,86e626699f549ebeb2ca9b69042b5d92,"AV. RIO DE JANEIRO, 118",41.442489,2.185727,3,23,3
Bicing,871cd416cf79c532d0ecce37f1da4edf,"C/ VILAMARÍ, 2",41.3755016,2.154004,11,12,11
Bicing,8919e2b707ebb21481074247d81c0d1e,"C/ CARDENER, 59",41.4105956,2.1579897,3,18,3
Bicing,894e06803b8bc58d13d8ba7467e99ea4,"C/ CASTELLNOU, 65",41.3970497,2.1279409,9,20,9
Bicing,89d251d517c3cf0c0435af9d4daa1058,"C/ FERNANDO PESSOA, 72",41.4457195,2.1929816,2,22,2
Bicing,8a492ba2a0211053e59cea67ea07cc35,"AV. JORDÀ, 18",41.426778,2.138417,8,20,8
Bicing,8b869bec6b09fe353385927f2e6d9836,"C/ RIBES, 77",41.4001015,2.1841711,11,14,11
Bicing,8c05047d2874b070f431349c37ee8710,"C/ JOAN GÜELL, 50",41.3786364,2.1335494,0,17,0
Bicing,8ca64c5a6a216cb4628c6f4e7aff13bd,"C/ CARME KARR, 12-14",41.3986238,2.1204941,3,20,3
Bicing,8d1c2df3992c59d06f07e74fa708741a,"LA RAMBLA, 101",41.3826647,2.1717083,24,2,2
Bicing,8d86e740799da8e5ffd2ac729a5ca92b,"C/ ARTESA DE SEGRE, 2",41.402988,2.1344691,1,24,1
Bicing,8df93fef7528967cb82fb90fea6bd0bf,"PL. CATALUNYA, 22",41.3860607,2.1702467,7,23,7
Bicing,8ef09cbbb3189b2e1ba19a524da96b40,"C/ PROVENÇA, 310",41.3959653,2.1635462,2,25,2
Bicing,8f6b673cb8b0b202a6562c9e43efd166,"C/RADI,10/GRAN VIA DE LES CORTS CATALANES",41.363279,2.1341586,6,21,6
Bicing,8fd6db8cb80654809347bed85879b49b,"C/ ALTS FORNS, 77",41.3595484,2.1417765,10,22,10
Bicing,8fdb03b50ec6c7d2a4fd6522f041aac6,"C/ ESCULTOR LLIMONA, 7",41.4276076,2.1697582,5,25,5
Bicing,90990cfd1aaa063c3bd318aae5f8b122,"PORTAL DE SANTA MADRONA, 2-4",41.3770715,2.1758261,18,6,6
Bicing,90e711b0858b61446652be14b4d549a3,"AV. DIAGONAL, 26",41.4110822,2.2163136,14,19,14
Bicing,91525059f7ae47e45781c73cc755025b,"C/ JUDEA, 1",41.425060890738386,2.141171691304411,9,21,9
Bicing,915acbb5e9967f7f8d19535097e2abd2,"AV. ICÀRIA, 202",41.3942108,2.2008756,3,15,3
Bicing,916b4d2c589fad262929399f082c7571,"GRAN  VIA DE LES CORTS CATALANES, 375-385",41.3757914,2.1499102,35,6,6
Bicing,918db7ce6d9b9be72f94aa1d34f7e56b,"C/ BRUC, 103 (xamfrà)",41.395821,2.16728,1,20,1
Bicing,9197b4871b9c31693dd4f6f37b716a57,"PG. LLUIS COMPANYS, 18  (ARC TRIOMF)",41.3914292,2.1805685,24,13,13
Bicing,91ddcd365904e8718a7bd99779794ae4,"PG. SANTA COLOMA, 105",41.4479402,2.1976757,12,23,12
Bicing,91ef690acc5603e3e61a905392e0cf04,"C/ PORTUGAL, 3",41.4258248,2.191206,11,13,11
Bicing,9236b6b2cd0af13747bef6610bc2815c,"RAMBLA DE PRIM, 256",41.4256626,2.2008632,4,22,4
Bicing,92380b259f2c26fcde401f6f1a369fd3,"C/ MALATS, 28-30",41.4361251,2.1894423,26,3,3
Bicing,923a0f0ea1a7c446bee69356e220743e,"AV. JOSEP VICENÇ FOIX, 52",41.3948771,2.1205394,7,16,7
Bicing,9243da16a0b663887ae0d67e6f52092e,"C/ DEL DR. AIGUADER, 72 / PG. SALVAT PAPASSEIT",41.3838369,2.1914756,16,17,16
Bicing,92f3c47fc8b2520293d84e3b509b6fda,PL.VALENTÍ ALMIRALL,41.4084796,2.192042,9,18,9
Bicing,935058af9c6e404d8b6e4558ebe7678e,"C/ TUSET, 19",41.3960982,2.1513154,2,14,2
Bicing,938d6e80af6873d5f085786edde6603c,PG. DE COLOM (LES RAMBLES),41.37652,2.17881,22,7,7
Bicing,94e5f738c07f13504a420241312a9018,"C/ DE SANT PAU, 119/ RONDA SANT PAU",41.3754047,2.1680021,13,9,9
Bicing,951bf060982350664a34d1316b496f4b,"C/ DE MALADETA, 1",41.4315843,2.1769107,7,9,7
Bicing,95caf46aca1e3505945e857b05f84f40,"C/ FULTON, 1",41.4297231,2.1617032,8,7,7
Bicing,95f8c85a04b96afefd04d96f2811dab9,"C/ SARDENYA, 402",41.4072349,2.1684799,3,21,3
Bicing,9688a50feda32c00f9d0929cec47acce,"C/ ESPRONCEDA, 298",41.4158807,2.1908473,14,11,11
Bicing,96f5f6ef281da60b166a50fc03189e7d,"AV. DIAGONAL,  612",41.392567,2.1422174,3,19,3
Bicing,97a2d55faca5f8980ed77f15bed3427a,"C/ SANT ADRIÀ, 88",41.4354601,2.2001569,5,15,5
Bicing,97aa364f0eee0d6a736b47c987418b9b,"CARRER DEL CINCA, 7",41.4356895,2.1920873,9,12,9
Bicing,9822bbdbb55cf9802b6d8e92d62bbb66,"C/GAVÀ, 81",41.3703717,2.1389439,6,11,6
Bicing,986b6d406122255e35f3612c23453986,"GRAN VIA DE LES CORTS CATALANES,  1062",41.4139298,2.2017955,17,14,14
Bicing,98736433716085131ebffd1f17aa648a,"C/ JORDI GIRONA, 29",41.3881175,2.1154135,4,38,4
Bicing,98bc9f8de8c6d27b02a754f6b0ac4d5b,"C/ FÍGOLS, 1",41.3812979,2.1289917,0,24,0
Bicing,9a40a01fc442d4f03d0c825280e7f70e,"C / PROVENÇA, 241",41.3938861,2.1601641,1,17,1
Bicing,9a7b57a18c273d1722a143bdefa072ce,"C/ SANT HERMENEGILD, 30",41.4031529,2.1445843,10,13,10
Bicing,9c003bbd85b2e441cd85d2fe1142f1b9,"C/ DE L'ENERGIA, 2 / ALTS FORNS",41.3573288,2.1371996,14,16,14
Bicing,9c2e3e53b02eb550cda4f0dd07d10828,"C/ MÉNDEZ NÚÑEZ, 16",41.3900544,2.1775594,19,4,4
Bicing,9c3778f6373e6a82078f3609beeb4479,"GRAN VIA DE LES CORTS CATALANES, 592",41.3863747,2.1646697,12,19,12
Bicing,9c69271613b865adfc7f4580e4704285,"CARRER DE LA MARINA,25-33",41.388507,2.195073,11,30,11
Bicing,9db9646e880ada6e547ad2303c1fd1cb,"C/ RAMON TURRÓ, 292",41.4038559,2.2084257,11,15,11
Bicing,9e1e3820d23bb0473c83c1de8ea766c8,"PG. MARITIM, 11 (DAVANT PL. BRUGADA)",41.382398,2.194294,3,29,3
Bicing,9ee110ea13f89c4d80d6b4e3d51dd546,"C/ MARQUÈS DE SENTMENAT, 46",41.384972,2.1376205,12,12,12
Bicing,9f553fbe4fc07dbcd82074e9f9296eca,"C/ CÒRSEGA, 612 (xamfrà)",41.40931890060914,2.176576916100159,8,16,8
Bicing,9f58f56f42bcc8b3511501b15d528efd,"C/ LLULL, 465",41.4132316,2.2177652,9,24,9
Bicing,9ff381c81fcba5b01d6aea02a1aec512,"C/ VALÈNCIA, 237",41.39187,2.16202,1,23,1
Bicing,a0487dd8415803f990a1e0577f53e2b4,"C/ TURÓ BLAU, 1-3",41.4388223,2.1767828,5,17,5
Bicing,a08c92d249cec30792553ab20536cf99,"AV. RIO DE JANEIRO, 3",41.43068,2.1821802,17,13,13
Bicing,a0dfe4536c9e3cfdf5191d05ba4cc286,"C/ DE SANT PAU, 89 - 97",41.3768806,2.1698206,11,3,3
Bicing,a13269f74bcc2a4674f65cb7b379bfe9,"C/ PUJADES, 103",41.3983902,2.1960799,5,27,5
Bicing,a1bbf788354fc35aabae59730f4aaf01,PL. DEL MAR,41.3748001,2.1889045,2,12,2
Bicing,a1c53aa90947b3c997765873a3a51014,"C/ CIUTAT D'ASUNCIÓN, 73 / POTOSÍ",41.4431441,2.1996045,6,21,6
Bicing,a22b6a5949162d4d2c297b519114fb63,"C/ MANDONI, 6",41.3693483,2.1426008,2,17,2
Bicing,a2ad3c3ea5fb48794a4f05547bf45a87,PL. ICTÍNEO,41.3776292,2.1836886,24,3,3
Bicing,a2def8067990102a96bb4f4c5604454c,"C/ ROMÁN MACAYA, 8",41.413465832688104,2.135204786473457,1,22,1
Bicing,a38652efcd560833b66a90c618ec85c7,"C/ GANDUXER, 29",41.3939378,2.1380304,3,16,3
Bicing,a477a9cb5e302f3a206d7e45d1976dab,"C/ CRISTOBAL DE MOURA, 84",41.410712,2.2061691,10,17,10
Bicing,a4bdbf8a69212e193293a89e63e93e8b,"C/ FRANÇA XICA, 4",41.3721749,2.1602153,3,12,3
Bicing,a4d7432e72c9001d3af12d71335a63a4,"PG. FABRA I PUIG, 344",41.430623,2.1671068,0,17,0
Bicing,a50fd20008b0c81a3e0ab25381288320,"C/ FRA JUNÍPER SERRA, 53 | C/ SANTANDER",41.43214923762376,2.205489604463229,7,20,7
Bicing,a512a25dc72978e08e197d1f2f20ae5b,"C/ PORTO, 35 | AV. ESTATUT DE CATALUNYA",41.4306102,2.1564551,7,20,7
Bicing,a6233a1762046603bd37d35b0821adbc,"C/ DURAN I BAS, 2",41.3854094,2.1740155,23,0,0
Bicing,a681c273559134ba958488832d05377c,"C/ AGUSTÍ DURAN I SANPERE, 10",41.381635534627016,2.1677294668647606,22,17,17
Bicing,a6d71c2346845ecd60f36a4917082f57,"C/ TUCUMÁN, 21",41.4457962,2.2010422,8,15,8
Bicing,a6fed1c13ea51aa2e2fe9d5631f765f0,"PG. DE GARCIA FÀRIA, 21/ESPRONCEDA",41.400654,2.210191,23,1,1
Bicing,a7a1407fe9858d2c96db2858a2f92c91,"C/ VALLMAJOR, 13",41.3981616,2.1386719,4,23,4
Bicing,a8d71767532b6d52e8e53bee77f19cdb,"C/ NÀPOLS, 183",41.3981669,2.1754896,2,20,2
Bicing,aa3c9dc88d9b7e74bdd960c5d2a42055,"C/ DEL GUINARDÓ, 32-38",41.4156285,2.1817876,14,10,10
Bicing,aa57523a41ed37cd0eca001803241c37,WORLD  TRADE CENTER,41.3718728,2.180302,20,22,20
Bicing,aad7ee497c1bd869026313bbb67e1caf,"PG. FONT D´EN- FARGAS, 1",41.4275514,2.1659881,3,23,3
Bicing,ab5aed96eeda51ba68ab88cfeb6d6201,"C/ MASSENS, 76",41.4092333,2.1557747,0,26,0
Bicing,abe41b077f52ff6dcd89fe331d42cc6c,"C/ BRUC, 45",41.3924661,2.1717397,7,17,7
Bicing,ac4a41e000abdda3d9494e46846b8a13,"AV. JOSEP VICENÇ FOIX, 63",41.3977227,2.1194557,4,31,4
Bicing,aca83ec4f285c718592e930810c0679e,"AV. JOAN XXIII, 17",41.383467,2.122175,1,18,1
Bicing,ad095f2d769ae6eb8ce76db4bde21a0c,"C/ ONZE DE SETEMBRE, 37-39",41.4298614,2.1922011,10,14,10
Bicing,add304609643d6d30a5c15cd5432fea4,"RAMBLA DEL BRASIL, 44",41.3783067,2.1297303,0,22,0
Bicing,af8224f573182b287a9e33413c6a3f14,"C/ INDEPENDÈNCIA, 379",41.4118378,2.1778852,7,15,7
Bicing,af8ed8f730d69306e8971ff13d1080ce,"C/ GAVÀ, 1",41.3723682,2.1419494,9,19,9
Bicing,afa694b030bf59152b1649bde5a8870c,"TRAVESSERA DE GRÀCIA, 368",41.4098842,2.1715285,14,10,10
Bicing,b121b1383d4269226f7d5bb7be520c19,"C/ MIREIA, 28",41.4513863,2.1894717,0,11,0
Bicing,b14fe56c969981b87e380a303ce48826,LA BARCELONETA (CN BARCELONETA),41.3736911,2.188928,10,20,10
Bicing,b1dadc34eb4621be3322c4989aadbce6,MOLL ORIENTAL,41.3694508,2.1879597,12,24,12
Bicing,b2165ce2ff7a16ce71a4e9b62697fcff,"VIA FAVÈNCIA, 47",41.4418604,2.1664224,3,21,3
Bicing,b38b4aff722d92c76825f9b80d63a825,"C/ GRAN DE GRÀCIA, 37",41.3989151,2.1564253,12,10,10
Bicing,b531533edea1cbb1febcacfa1b2de898,"C/ SELVA DE MAR, 46",41.4091355,2.2088179,5,22,5
Bicing,b543814d13e0580dc044f98f50c910bb,"C/ PALAMÓS, 33",41.446923,2.184857,3,25,3
Bicing,b5c71ae466be2730a78d671a1ddd6ace,"C/ LLULL, 309",41.4065291,2.2091221,12,13,12
Bicing,b5f806177c4eda18fc9ff5a52fd409b1,"C/ AGUSTÍ DURAN I SANPERE, 1",41.381381539774694,2.16807754829512,7,13,7
Bicing,b6047e107523ffec8ad208d60a863d1a,"C/ PEDROSA, 24",41.4490679,2.1833801,1,23,1
Bicing,b68161aaef7bae4f079fb4ea4e37291f,"AV. DIAGONAL, 630",41.3915195,2.1390667,0,33,0
Bicing,b745f8d58596de1ac5969e7b77a5c84c,"RAMBLA DEL BRASIL, 5",41.3759419,2.1299539,6,18,6
Bicing,b7592cd6043ae21ee3e41b2fa96d9a33,"C/ DEL CANÓ, 1",41.4013296,2.1574439,11,6,6
Bicing,b81ccb25428d4ff0e25482cc54c4cfee,"C/ FLORIDABLANCA, 49",41.3776721,2.157233,11,6,6
Bicing,b82f5f0972231a1fb3779ee709285b28,C/ TARONGERS | AV. MIRAMAR (TELEFÈRIC),41.3683855,2.1645038,4,21,4
Bicing,b8842240a2cb97138d29fba49a6e857e,"C/ PROVENÇA, 595",41.4105848,2.1826833,10,8,8
Bicing,b9379ff2e8991e872a5640b5aae569d2,"PG. DE GARCIA FÀRIA, 37/JOSEP FERRATER",41.403216,2.2136,12,18,12
Bicing,b9758e38f9f3301f45795fb11196c0d9,"C/ MONTFAR, 1",41.37049,2.148729,13,9,9
Bicing,b9bf856e3de3ecb08c2d6004101edf10,"C/ RAMON ALBÓ, 1",41.4244527,2.1773157,8,17,8
Bicing,ba34ae0d78db56158e7af60a1ebf475d,"PG. VALLDAURA, 26",41.4374904,2.1565742,1,24,1
Bicing,ba4020a51a4b1ad5d38c730af551134d,"C/ RAMON TRIAS FARGAS, 23",41.3889972,2.1923283,11,24,11
Bicing,ba5dcb0eba1cb9534943421364599d7c,"C/ PROVENÇA, 215",41.3927771,2.1586273,2,23,2
Bicing,baac32fbb8447abb62b24476341a1999,"C/ GÒNGORA, 23",41.4432762,2.1746238,5,17,5
Bicing,bb7a5c1d82f51c2132e19e0156f635dd,"C/ RIERA BLANCA, 123",41.371459,2.127854,12,12,12
Bicing,bb869a063c3600e9955d6aff06f0fc46,"C/ CÒRSEGA, 578",41.4079467,2.1748603,4,23,4
Bicing,bbc36a18217c2a3dafed0c1cc9ab7f0b,"C/ VALLESPIR, 13",41.378118,2.1378667,7,13,7
Bicing,bc01d4e4933dde712fd91327c7dfc059,"C/ BALMES, 409",41.4074131,2.1381069,0,32,0
Bicing,bd53dacde784bdd4a6fbea912d0fff75,"C/CONSELL DE CENT, 6",41.3755503,2.1439036,7,17,7
Bicing,bd95af27910d965ae58b27109ca040cc,"C / GIRONA, 176",41.3999967,2.1644531,4,18,4
Bicing,be0e1c5c9b05385af1c4d7367b54e5bf,"LA RAMBLA, 56",41.380195,2.1744801,19,4,4
Bicing,be6b8196d1e1535db1e0ac8bd50d4739,"C/ BRUC, 102",41.3954041,2.1681961,2,17,2
Bicing,be92e88c502119cf00fa9043b784f279,"AV. SARRIÀ, 163",41.3922355,2.1309272,17,5,5
Bicing,bfe7a747985c502d0aabe4efe0847b8f,"C/ MÚRCIA, 1",41.4143392,2.1874539,10,7,7
Bicing,c01f943ce5c78c88afd7a57a94dae185,"VIA AUGUSTA, 68",41.4005123,2.1518158,0,31,0
Bicing,c03f3bcdbfaf01b9631236692d76a93b,"C/ DEL TORRENT DE LES FLORS, 102",41.4078456,2.1586704,12,3,3
Bicing,c0404e92e0f3547d112fb945e7cb4e0f,"C/ PUJADES, 311/ FLUVIÀ",41.4070139,2.2074469,10,17,10
Bicing,c0d5295a77f4cb6e6d6af21c38439874,"AV. LITORAL, 72",41.3961412,2.2078439,16,9,9
Bicing,c130134610be40499ad745cdd23a520d,"C/ SARDENYA, 326",41.4039698,2.1729061,1,25,1
Bicing,c1a0d40374fb01ca5395a5ec4449cac4,"C/ CARDENAL REIG, 11",41.37684,2.114029,1,23,1
Bicing,c1cdae8945633fe90d21ec0081cea328,"C/ JOAN MIRÓ, 2-12",41.3890253,2.1968267,11,20,11
Bicing,c1e818c978c673efb4fb8da5e7e51791,"PG. VALL D'HEBRÓN, 168",41.4280668,2.1443777,0,49,0
Bicing,c27f15ac8f4d6f7391030cb449b6f8a9,"C/ ÀVILA, 94",41.3984589,2.1937281,18,5,5
Bicing,c2cc6f14eff599dc8f98ad45ba99c6dd,"PG. MANUEL GIRONA, 7",41.39038,2.121,2,24,2
Bicing,c342ff6ddb36a6954879bb40e3af1d64,"C/ CARRERA, 1",41.37443423651376,2.174861304726794,20,7,7
Bicing,c41a52a203d08c919f6d198e30f629af,"C/ TEODOR LLORENTE, 1",41.419178,2.18018,3,25,3
Bicing,c4e81a9afb47f3d720c2d13b2b3e69b9,"C/ JANE ADDAMS, 26/ CRTA. DEL PRAT",41.3621232,2.1356187,8,23,8
Bicing,c51f2cc04dcb83a49bd57179df24f94b,PL. UNIVERSITAT /  ARIBAU,41.3856474,2.1634306,12,13,12
Bicing,c55705a98f23d2296c39a68af7876656,"GRAN VIA DE LES CORTS CATALANES, 179 (D)",41.3675574,2.1388216,7,40,7
Bicing,c5d5f7bd79f1d304efb37faa60ae1d64,"GRAN VIA DE LES CORTS CATALANES, 368",41.3743329,2.1479385,9,16,9
Bicing,c5eb25fe1445a3f02633fd958096305f,"C/ MONTMANY, 1",41.4035608,2.1609345,11,10,10
Bicing,c6edb376f8c2f0e7f2b70725c36402c9,"AV. MERIDIANA, 404",41.4304126,2.1834174,17,19,17
Bicing,c71b8a779106faf1ec1b01cadd98e45f,PG. DE LLUíS COMPANYS (ARC DE TRIOMF),41.391062,2.1801142,20,5,5
Bicing,c7a171a3d2dad350917e41a0b8e28e74,"C/ RIUS I TAULET, 4",41.3727426,2.1539198,12,15,12
Bicing,c99fff35b0450411d06dac8b89f74437,"PL. CATALUNYA, 10-11 (LA RAMBLA)",41.387493,2.1690686,14,7,7
Bicing,c9d0f804dc5a2213edae31e31cbbcbe3,"C/ ANTILLES, 8",41.4250835,2.1872818,23,1,1
Bicing,ca4e7de46ae2cece4a671ee1c6a62dfc,"C/ REINA VICTORIA, 31",41.3969455,2.136346,0,25,0
Bicing,ca75bf1278bcc8c569ebe033092a4627,"C/ CASTILLEJOS, 258",41.4064529,2.1785364,7,10,7
Bicing,cb6067d868f49af57bcb772cf547ac58,"C/ BOLÍVIA, 76",41.4030225,2.1913538,4,13,4
Bicing,cbd7a9e3c74db2af2926d83c711e13e7,"PG. PUJADES,  1 (JUTJATS)",41.388885,2.18329,16,10,10
Bicing,cbe83a0b2a3af4cd0a86cf4a0e2be928,"GRAN VIA DE LES CORTS CATALANES, 1041",41.4145805,2.2008139,3,18,3
Bicing,cc7badf0256ff4ad77bd11887ab205e1,"C/ CALÀBRIA, 112",41.38031805998654,2.1544371248113956,27,12,12
Bicing,cca384f10ed51ada861035bb4b17e71f,"C/ SANT PERE MÉS ALT, 4",41.3871079,2.1753364,16,0,0
Bicing,cd2e90920bcbabea6840fc65d766ac43,"AV. VALLCARCA, 11",41.4074444,2.1492066,0,10,0
Bicing,cd72ad4a9dbceb4c46d87353ce542df0,"C/ CALABRIA, 158",41.3821658,2.1520645,6,13,6
Bicing,ce794ac7bd8798e23eae41c3e13e8384,"C/ ENTENÇA, 70",41.3790954665734,2.1516210083711993,7,15,7
Bicing,cf23d88209be498ef58d4a397afecf46,"C/ SANT ADRIÀ, 113",41.4361782,2.2047037,11,12,11
Bicing,cf27f9447a9429924729959bc6171a49,"C/ JOAN GÜELL, 174",41.3839045,2.1312876,4,19,4
Bicing,cf4f9f6ade2aebdc251e2ff66732280f,"AV. LITORAL, 172",41.3919877,2.2037136,28,22,22
Bicing,cf5dad1971da0e28b4cbec40613054e2,"C/ MARTÍ I FRANQUÈS, 1",41.3847061,2.1170751,1,25,1
Bicing,cf6a2bb796218f8754da1c8d45f5cb30,"PG. MARITIM, 23 (HOSPITAL DEL MAR)",41.3833653,2.1946255,5,15,5
Bicing,cf7b7020945106c2d6334672818fd7c0,PL. VIRREI AMAT,41.4296439,2.174444,12,18,12
Bicing,cf9ded0d93ad2c4ced2273e7287aaf77,PLA DE PALAU,41.382418,2.183723,19,1,1
Bicing,d020d5be58569a2c2206196e603e7ef2,"C/ PALAUDÀRIES, 2",41.37449997033759,2.1730255457161096,12,11,11
Bicing,d03bca09c80e5a1eea3ea916922ef802,"C/ NÀPOLS, 82",41.3941557,2.1813305,21,6,6
Bicing,d1bbabe6337fcbd7604c6237e9122cf2,"C/ VILAMARÍ, 85",41.3807072,2.1468381,5,19,5
Bicing,d1d49e0df5efb64832fb29b9925ad5fe,"C/ RAMON TURRÓ, 91",41.3953011,2.1965965,10,10,10
Bicing,d29e2abe8c06a377b78d71eee1d0f478," AV. DIAGONAL, 650",41.3897943,2.1328634,1,30,1
Bicing,d2b55d534f311af5c1e2aa96d75a7005,"PG. DE GRÀCIA, 89",41.3949729,2.1612814,0,32,0
Bicing,d2e118344ec10c3c2273a95a405fb7c3,"PG. UNIVERSAL, 29 | C/ DOCTOR LETAMENDI",41.4372022,2.1620235,4,17,4
Bicing,d2fc7ac288ba1ad5faf9c1006f94fb99,"C/ DIPUTACIÓ, 303",41.39263996050403,2.1696469558196974,1,17,1
Bicing,d30fe84c89de1a84f9e2d069d7266806,"AV. MERIDIANA, 71",41.4014737309554,2.1867650955645956,2,17,2
Bicing,d49ebcf08dedec667839873cce78f4f2,"GRAN VIA DE LES CORTS CATALANES, 902",41.4075013,2.1930174,2,12,2
Bicing,d4a4e50c2de87880e9a073243eb63701,"C/ CONSELL DE CENT, 482",41.40013,2.1780175,1,22,1
Bicing,d5f71274f2fcb44cf751cbf8e7b7c700,"C/ SANCHO DE ÁVILA, 60-64",41.3987543,2.1902116,19,6,6
Bicing,d619601c806c7e3476c79145cafcd1da,"C/ MADRAZO, 39",41.400305,2.149144,7,16,7
Bicing,d641b96ef9ab92b463833bc1d0f20304,"C/ PONTEVEDRA, 58B | C/ JUDICI",41.37686,2.19067,5,12,5
Bicing,d6505fff5b4c2a24385305452780ffa1,"C/ MADRAZO, 131",41.3967824,2.1445567,3,20,3
Bicing,d66ffbdf034373fa2a73d73292581b49,"C/ SANT PERE D´ABANTO, 2",41.371366,2.143565,10,20,10
Bicing,d6b22a7060e924a9d72bf714bb7abe66,"C/ VILAMARÍ,  61",41.3790718,2.1490553,12,7,7
Bicing,d75f6859f1594fbe1c608d67b3e0bce9,PG. SANT ANTONI /PL. SANTS,41.3756948,2.1358571,11,14,11
Bicing,d7a6697f01078b20f3c06402826e491f,RECINTE PARC DE LA CIUTADELLA,41.3873901,2.1875446,18,9,9
Bicing,d838e012f31b57bf9dc347842df5d1d6,"RAMBLA FABRA I PUIG, 67",41.4299201,2.1849813,18,11,11
Bicing,d8e00fe3427e7d26ff26b6b56fc29df3,"PG. LLUIS COMPANYS, 11 (ARC TRIOMF)",41.3911035,2.1801763,19,17,17
Bicing,d8ef96f2a72455aea701d6d832370afd,"PG. ZONA FRANCA, 9",41.3513237,2.1450958,9,26,9
Bicing,d996ea344ed08a9b4e596f2d73e52c4c,"PG. OLIMPIC, 8",41.361972900539186,2.1543216104507534,1,33,1
Bicing,da12b67a9f21d0ea8ec3d95cd21c5116,"C/ ÀVILA, 102",41.39901908315772,2.192897271694796,10,16,10
Bicing,da6b1559f96d6eeb9fcc56d530d88d93,"C/ DIPUTACIÓ, 226",41.3873057,2.1631263,10,12,10
Bicing,da82ae0907f36bbbba96d9c81baeffe4,"C/ PUJADES,  3",41.39212,2.1874966,20,5,5
Bicing,db1347c516927c55b4fa54339d83874f,AV. LITORAL (PG MARÍTIM DEL PORT OLÍMPIC),41.3889129,2.1993105,8,15,8
Bicing,db9e48be6f122b678843577e540f72ea,SELVA DE MAR / PG. DEL TAULAT,41.4053697,2.2135818,19,6,6
Bicing,dbdbd5155b0e2a3df5369a3d19e499f2,"GRAN VIA DE LES CORTS CATALANES, 368",41.3741093,2.1481993,9,12,9
Bicing,dc04b4e3cdc44b9f8138c24836c54d4f,"C/ DOCTOR AIGUADER, 2",41.382335,2.187093,13,2,2
Bicing,dc60d6ec5fb65c625c08180f89a280eb,"C/ CARTAGENA, 308",41.410314,2.1757334,1,13,1
Bicing,dc64552c5a36d359c0435849a3e36880,"C/ ROCAFORT, 214 | C/ ROSSELLÓ",41.3852864,2.1454802,10,12,10
Bicing,ddd1cf82f9fbc6f46089b086af6e110b,"C/ ARIZALA, 77",41.3789061,2.1233038,4,29,4
Bicing,dde5c154868c7fbe8266a3da127514db,"GRAN VIA DE LES CORTS CATALANES, 1157 (D)",41.4194972,2.20934,31,21,21
Bicing,de0e8ba6e1c44e2b7c452a639777e19a,"C/ ARAGÓ, 629",41.410098,2.1884487,6,8,6
Bicing,dec618417ae38ddec1c28c5f01ef6446,"AV. ESTADI, 12",41.3653602,2.1476099,32,4,4
Bicing,dedcd93fbe85671e73c79baf58bd7fed,"C/ CARDENAL TEDESCHINI, 13",41.4253643,2.1852073,13,19,13
Bicing,df6d9ac9a5659d0735da9a04a3a0c3ae,"C/ SANTA FE DE NOU MÈXIC, 2",41.3935816,2.1345892,1,31,1
Bicing,e02c5db9e6f6fca078798c9b2d486a81,JARDINS DE CAN FERRERO/PG.DE LA ZONA FRANCA,41.357067,2.141563,17,13,13
Bicing,e2ee896f2f3d4b130d38151de25b0b6a,"C/ SARDENYA, 66",41.391466,2.189371,11,13,11
Bicing,e2f96d6f9ed195e6bc2ece7b2ca1c117,C/ PINTOR RIBALTA | AV. XILE,41.3791986,2.1135824,7,22,7
Bicing,e3f69b48c615a4e493ea7560ddec08b6,"AV. CAN MARCET, 3",41.434180992912715,2.1518784156327353,0,24,0
Bicing,e51a6f5b087c0d367d3ad07e00dd54e1,PG. DE COLOM /VIA LAIETANA,41.380628,2.1822815,21,1,1
Bicing,e63e0e9835b8a41b14c65052e5ef26da,"C/ REUS, 23",41.4050074,2.134603,0,19,0
Bicing,e6a4d0046fc56369d63e1cdc691f65d1,"C/ HONDURAS, 32-34",41.4202459,2.1894852,25,5,5
Bicing,e6b1bab15b484861552a0e83f61f0ce0,"AV. VALLCARCA, 196",41.4160558,2.1421504,2,25,2
Bicing,e6c6292c893403eff858fceafddfffcc,"C/ ROSSELLÓ,  101",41.3871904,2.149131,8,14,8
Bicing,e724b098a2b2f933760411910ddf7c6c,"RBLA MUNTANYA, 49",41.4209497,2.1768396,1,34,1
Bicing,e836f33eaf19175d32d4b8042594331a,"C/ JOAN D'ÀUSTRIA, 31B",41.392384,2.1925059,6,18,6
Bicing,e837361e15f9f616210bb7f200a1cb70,"BAIXADA DE LA PLANA, 35",41.42948330449934,2.159081109123213,5,27,5
Bicing,e8c928bbf201f07a09e6f9afbcab650b,"C/ ELISA, 1",41.4052698,2.1420204,1,9,1
Bicing,e8f93835abfe9d85300bc608484fe11c,"C/ DE L'ESCULTOR ORDÓÑEZ, 55",41.4340849,2.1748267,11,13,11
Bicing,e959935456092cb96b784429fcbc3ff7,"C/ RIBES, 13",41.3933173,2.1812483,12,4,4
Bicing,e964297fbcd2fc96bb6632e5a530d0df,"AV. PARAL.LEL, 194",41.3751161,2.1523091,4,22,4
Bicing,ea70d3859cc7f8482e9acbb1d16826a5,"C/ DOCTOR ROUX, 86",41.3998981,2.1281922,4,22,4
Bicing,ea94c9465d12b40d3c511b3db4681f68,"C/ AVENIR, 35",41.3957844,2.1468644,3,20,3
Bicing,eabcedd1303965a9f8050b1566b9899e,"C/ SANT ADRIÀ, 43",41.4352071,2.1948002,7,16,7
Bicing,eb03f3afac0686805e05b09ec1ed32c7,"C/ PERE IV,  301 / FLUVIÀ",41.4093405,2.2024461,9,18,9
Bicing,eb9804d8f13e410f242f9674d5a34452," C/ SANT ANTONI MARIA CLARET, 214   ",41.4108439,2.1740575,12,7,7
Bicing,eba432dc58a0ee6fbe4f6323f4be441f,"C/ CASTILLEJOS, 388",41.412427,2.170592,8,20,8
Bicing,ec1db62dd08a4c1ff0bafae671d06714,"C/ PROVENÇA, 388-390",41.401061,2.169941,4,13,4
Bicing,ed1093b9e37a0c0afcf57114d7aa228d,"RONDA DE SANT PAU, 51",41.3773113,2.1646742,26,6,6
Bicing,ed25291d0f5edd91615d154f243f82f9,PG.DE COLOM (LES RAMBLES),41.376433,2.17871,12,23,12
Bicing,ed4251264bc9b6f96c35c3dc83b6cfb2,"VIA BARCINO, 121",41.448152,2.19294,5,14,5
Bicing,ee0ac58184126f8b0c3ed4074e2acb32,"C/ GRAN DE LA SAGRERA, 74",41.4230551,2.1913753,5,20,5
Bicing,ef4175249232a71e6f8d55d6ff546253,"C/ DOCTOR SALVADOR CARDENAL, 1-5",41.3853868,2.122893,1,27,1
Bicing,efafae9cf7cf875ba960a16df971894b,"C / INDÚSTRIA, 10",41.4022081,2.1649035,14,0,0
Bicing,efec17f63cd2b413fca24ecb8513af38,"C/ PROVENÇA, 322",41.3967524,2.1646338,1,12,1
Bicing,f10f219e4f969e8b6940ec1ee720205e,"C/ GALLEGO, 2",41.3785631,2.1202487,7,15,7
Bicing,f131c8be74d689e7349af47724d88348,"C/ COMTE URGELL, 23",41.380393,2.1606506,15,10,10
Bicing,f1aaf083aaa04498aad975bc45bdc089,"PG. TORRAS I BAGES, 129",41.4433647,2.1906302,2,20,2
Bicing,f1dd35f19d0a59bc41503000390a2840,"RAMBLA  DE GUIPÚSCOA, 158/ CA N'OLIVA",41.4227912,2.2060317,12,12,12
Bicing,f1e1730612b93c6440cf4e95f301d41c,"C/ MARBRE, 2",41.3614158,2.1476169,4,22,4
Bicing,f28ea408c98c269ec16dd1a110ba77cc,"GRAN VIA DE LES CORTS CATALANES,  1131",41.4183999,2.2058133,23,9,9
Bicing,f312a0132032a3ac10803bb9e621e117,"C/ ARAGÓ, 659 /NAVAS DE TOLOSA",41.4120681,2.1907524,14,9,9
Bicing,f3171a128fc9e9f7ab0f70e9334d3860,"C/ ROGER DE FLOR, 126",41.3954877,2.1771985,21,7,7
Bicing,f3351418bc7b868c203b94a4a4a4d3a3,"C/ VALLESPIR, 130",41.3821371,2.1354149,4,21,4
Bicing,f3372fefe9287bdfeaec076d7cbc3471,"C/ QUETZAL, 22-24",41.3675438,2.1342316,1,24,1
Bicing,f35b1f7f5f0ff3970a90b96640059a32,"C/ GRANADELLA, 10-19 | C/ SAS",41.4383117,2.2039823,6,11,6
Bicing,f3c74e7e0f1a8c1445c57b669bf82b0c,"C/ CAVALLERS, 41",41.3906352,2.111541,8,29,8
Bicing,f42676e8a08f610ac64c2912a14395c8,"C/ VILADOMAT, 122",41.3808772,2.1559939,10,17,10
Bicing,f47b91ad3e2f9e22babba8f999c32b8c,"C/ VILARDELL, 18",41.3745238,2.1422556,3,25,3
Bicing,f4d8965d9acfe29d7b109123ac723c74,"RDA. DE SANT PERE, 26",41.389492,2.17425,8,10,8
Bicing,f4de870ade61e6ba95e883709c5492ee,"C/ 60, NÚMERO 25",41.3467746,2.1436235,18,23,18
Bicing,f4fa7f17f346f7172eae9dbd166fbdf7,"C/ MANSO, 46",41.377046,2.16113608,16,5,5
Bicing,f5461828b3764ce4cc6d98c8bf583be5,"PG. DE L´EXPOSICIÓ, 38 | BLASCO GARAY",41.371532,2.162203,5,21,5
Bicing,f5857b295e06b4662db61d3d7fec7a78,"RAMBLA DEL RAVAL, 20",41.3781065,2.1696744,20,3,3
Bicing,f64f7ec154143f871bb06d378e982e0d,PL. CARLES PI I SUNYER,41.385086,2.174016,20,0,0
Bicing,f8756b6af18c2fedd8a295040279aecc,PL. POETA BOSCÀ | C/ ATLÀNTIDA,41.379326,2.189906,14,4,4
Bicing,f9e2bce2fb587714a956883db5bd5689,"GRAN VIA DE LES CORTS CATALANES, 1118",41.4167933,2.2058345,13,5,5
Bicing,fa673f1e3be9fe199c0752d9f92a0fbc,"C/ ALFAMBRA, 2 | AV. DIAGONAL",41.385641,2.113096,1,26,1
Bicing,faaa75871b7cee48bba7f3242d86bcbb,"C/ LLOBREGÓS, 115",41.4246885,2.1570492,3,22,3
Bicing,fb7923cf9d6258b3827621a17c16f3f1,"C/ NUMÀNCIA, 2",41.381219,2.141767,0,22,0
Bicing,fb90b1e2dcf1b2cbb9087f0830ff9df6,"PL. CATALUNYA, 5",41.387235,2.168819,20,3,3
Bicing,fbc62f405e5d474a6ebba1729d90dc79,"PG. ZONA FRANCA, 182",41.360798,2.138931,5,26,5
Bicing,fcaa1662c358b960bf763c0d1439882f,"C/ RAMON TRIAS FARGAS, 21",41.3902194,2.1904003,8,37,8
Bicing,fd08dcaaa7b28d2c894bb8cc0c75475b,"C/ GELABERT, 1",41.3871579,2.1410945,5,20,5
Bicing,fd25cee068a839f63c4e287ae067942c,PG. MARÍTIM DE LA BARCELONETA/ANDREA DÒRIA,41.380955,2.1934636,8,26,8
Bicing,fda312f7d7ab1b99dddb04d926b64f80,"C/ DE CERVELLÓ, 5",41.3765618,2.1748621,21,1,1
Bicing,fda98e4d825084470de7b3d76c0a0f2b,"C/ JORGE MANRIQUE, 15",41.4312335,2.1499103,1,26,1
Bicing,fdc17d98e3f99d3d35063a93c887f09d,"C/ RECTOR UBACH, 24",41.3985735,2.1440826,2,21,2
Bicing,fdd54a815b9df606b7855bc3d48fe805,C/ NOVA  BOCANA,41.3702483,2.1878126,14,13,13
Bicing,febbbd9d185c2de1b8be5990c86568bb,"C/ FERNANDO PESSOA, 41",41.441986663902426,2.192957641716178,8,17,8
Bicing,ff00e5fcc43ffb93a773a9c35b0a0cb2,"PG. DE GARCIA FÀRIA, 85",41.4053649,2.2162094,7,19,7
Bicing,ffa7f0802de02896fedf531adb54aff0,"C/ COMTE BORRELL, 198",41.3854003,2.1521802,6,20,6
Bicing,ffbaa273abd20a25367fc85ccfd7330c,"C/ RAMON TURRÓ, 246",41.4017084,2.2053803,24,1,1
AMBici,150867939,AMB - Diagonal I,41.386505,2.116467,15,3,3
AMBici,189004148,AMB - METRO La Pau,41.423345,2.205672,11,9,9
AMBici,196048973,AMB - Campus Diagonal - Besòs,41.413419,2.22175,12,12,12
AMBici,219235987,AMB - METRO Baró de Viver,41.448479,2.199556,0,20,0
AMBici,375498561,AMB - Riera Blanca Nord,41.371631,2.127232,12,10,10
AMBici,444880309,AMB - Diagonal II,41.386799,2.116236,12,4,4
AMBici,563558358,AMB - Av. Dr. Marañón,41.383032,2.112945,1,19,1
AMBici,186597078,METRO Gorg,41.440236,2.234463,8,14,8
AMBici,186597838,Morera,41.462201,2.247883,8,8,8
AMBici,186599035,Platja de’n Botifarreta,41.451493,2.255551,9,7,7
AMBici,186599595,METRO Artigues | Sant Adrià,41.434124,2.216025,5,19,5
AMBici,186600383,La Mora,41.431583,2.23716,20,0,0
AMBici,186600965,Canyadó,41.45545,2.257429,3,19,3
AMBici,186601321,Pomar,41.464624,2.250236,5,13,5
AMBici,186602111,Molí de la Torre - Joan Junceda,41.456909,2.244515,6,12,6
AMBici,186602587,La Ciència,41.458249,2.235788,14,4,4
AMBici,186602877,RENFE Badalona,41.446127,2.249064,0,24,0
AMBici,186603165,Martí Pujol - Torrents Lladó,41.461275,2.239035,9,3,3
AMBici,186603428,METRO Pep Ventura,41.444353,2.238579,1,23,1
AMBici,186603744,Martí Pujol - Pau Rodon,41.452928,2.24325,3,15,3
AMBici,186603970,Antiga de València - Joan Valera,41.438819,2.226099,1,17,1
AMBici,186604648,Plaça Trafalgar,41.437952,2.219627,4,18,4
AMBici,186605176,Hospital de l’Esperit Sant,41.437382,2.213558,15,3,3
AMBici,186605496,METRO Sant Roc,41.434634,2.226758,1,15,1
AMBici,186605752,Platja del Coco,41.438315,2.243087,1,19,1
AMBici,186606215,METRO Badalona Pompeu Fabra,41.44828,2.242196,4,16,4
AMBici,186606451,Anna Tugas,41.455124,2.226526,9,15,9
AMBici,186606738,Estadi Municipal,41.454425,2.23571,16,6,6
AMBici,186607255,Can Cabanyes,41.448696,2.235208,9,10,9
AMBici,186607500,Can Ruti,41.482205,2.237607,0,16,0
AMBici,186607782,Platja del Manresà,41.460101,2.267271,3,13,3
AMBici,186608041,Martí Pujol - Bufalà,41.45781,2.241144,7,9,7
AMBici,186608729,METRO La Salut,41.44156,2.223902,10,12,10
AMBici,186609017,METRO Llefià,41.441445,2.217572,8,14,8
AMBici,186609233,Plaça Assemblea de Catalunya,41.452445,2.248529,14,7,7
AMBici,186609489,Plaça Alcalde Manent,41.448698,2.22459,8,10,8
AMBici,186609925,Palau Municipal d’Esports,41.442603,2.230578,6,15,6
AMBici,186610307,Platja del Cristall,41.45529,2.260625,11,7,7
AMBici,342732499,RENFE - METRO Rambla Just Oliveres,41.363568,2.10099,1,25,1
AMBici,342750511,Ajuntament,41.359847,2.098838,13,5,5
AMBici,342752077,METRO Av. Carrilet,41.357844,2.101637,9,11,9
AMBici,342753170,Plaça Mestre Clavè,41.361051,2.106118,12,10,10
AMBici,342754906,FGC Sant Josep,41.360898,2.110582,7,13,7
AMBici,342756231,Poliesportiu Sergio Manzano,41.349148,2.105958,16,4,4
AMBici,342756795,METRO Hospital de Bellvitge,41.344331,2.106772,5,15,5
AMBici,342758992,METRO Provençana,41.361777,2.124258,15,3,3
AMBici,342760854,METRO Bellvitge,41.351474,2.110417,27,0,0
AMBici,342761491,RENFE - FGC Gornal,41.355165,2.115902,20,0,0
AMBici,342762402,METRO Can Tries | Gornal,41.36053,2.118007,14,2,2
AMBici,342771890,FGC Ildelfons Cerdà,41.36025,2.1291,15,1,1
AMBici,342772438,METRO Europa | Fira,41.357077,2.126386,1,20,1
AMBici,342772924,Ciutat de la Justícia Nord,41.364776,2.13102,4,20,4
AMBici,342773701,Ciutat de la Justícia Sud,41.363423,2.133837,23,1,1
AMBici,342774219,Plaça de l'UNICEF,41.36471,2.12083,15,3,3
AMBici,342778368,Riera Blanca Sud,41.367629,2.131709,13,7,7
AMBici,342778752,METRO Santa Eulàlia,41.368089,2.127383,12,10,10
AMBici,342779050,METRO Torrassa,41.368416,2.116292,7,13,7
AMBici,342779493,Plaça Espanyola,41.371052,2.121407,1,17,1
AMBici,342779829,Plaça Guernica,41.374571,2.123316,0,22,0
AMBici,342780142,METRO Collblanc,41.375715,2.118749,6,14,6
AMBici,342780590,Plaça Sènia,41.373637,2.116435,6,16,6
AMBici,342781410,Parc dels Ocellets,41.370898,2.115122,4,14,4
AMBici,342781822,METRO Florida,41.368451,2.110676,4,12,4
AMBici,342782223,Mercat la Florida,41.370263,2.109067,10,10,10
AMBici,342783401,Plaça Eivissa,41.370605,2.105808,7,15,7
AMBici,342783919,METRO Pubilla Cases,41.374256,2.108114,2,18,2
AMBici,342784339,Plaça de la Carpa,41.365978,2.099583,7,9,7
AMBici,342785195,METRO Can Serra,41.367767,2.103699,5,13,5
AMBici,342785769,METRO Can Boixeres,41.365558,2.091369,2,18,2
AMBici,541817337,La Remunta,41.361333,2.092694,9,11,9
AMBici,541817682,Ctra. del Mig - Fabregada,41.356245,2.108764,19,1,1
AMBici,135338958,METRO Cornellà Centre,41.357328,2.069516,10,10,10
AMBici,135339155,Plaça de l'Església,41.356112,2.070203,2,20,2
AMBici,135339493, FGC Cornellà - Riera,41.350344,2.070198,0,22,0
AMBici,135339669,FGC Almeda,41.353239,2.084751,15,4,4
AMBici,135340017,CC SPLAU,41.348248,2.078905,24,0,0
AMBici,135344348,TRAM Fontsanta Fatjó,41.360381,2.062665,12,3,3
AMBici,135349271,TRAM El Pedró,41.365713,2.076577,5,15,5
AMBici,135349477,METRO Gavarra,41.357946,2.079241,1,19,1
AMBici,135349611,Plaça Catalunya,41.359303,2.077113,0,22,0
AMBici,135349737,METRO Sant Ildefons,41.362424,2.082417,4,18,4
AMBici,135349848,Parc de Can Mercader,41.356151,2.08611,18,6,6
AMBici,135354427,Piscina Municipal Can Millars,41.356145,2.077341,2,16,2
AMBici,135354552,Pavelló Espai Esportiu Sant Ildefons,41.366588,2.080967,1,15,1
AMBici,135354661,Biblioteca Sant Ildefons,41.363279,2.086088,5,13,5
AMBici,135354769,CityPARK,41.357435,2.090351,12,4,4
AMBici,186612691,Plaça de la Vila,41.451035,2.207159,3,19,3
AMBici,186613007,Rambla Sant Sebastià,41.450379,2.213155,6,13,6
AMBici,186613345,METRO Església Major,41.453919,2.211381,10,10,10
AMBici,186614624,Mercat Sagarra,41.447691,2.210629,13,8,8
AMBici,186614910,Torribera,41.460459,2.21343,7,9,7
AMBici,186615826,METRO Singuerlín,41.459683,2.205503,13,5,5
AMBici,186616102,METRO Can Zam,41.457501,2.198208,13,9,9
AMBici,186616416,Plaça del Barri Llatí,41.454885,2.217226,5,9,5
AMBici,186616682,Pg. de la Salzereda,41.44773,2.204614,3,17,3
AMBici,186616998,La CIBA,41.44986,2.203575,11,10,10
AMBici,186617286,Av. Pallaresa,41.454155,2.205012,7,10,7
AMBici,186617641,METRO Santa Rosa,41.446625,2.215695,0,22,0
AMBici,186617930,METRO Can Peixauet,41.444353,2.209853,4,17,4
AMBici,186618240,Plaça de les Cultures,41.4418,2.210409,4,14,4
AMBici,186618728,METRO Fondo,41.451751,2.218186,0,22,0
AMBici,142166951,CC Palmira Domènech,41.330499,2.10043,4,16,4
AMBici,142167394,L’Artesà,41.329083,2.094481,13,5,5
AMBici,142167513,METRO El Prat estació,41.330964,2.090079,15,7,7
AMBici,142167638,METRO Les Moreres,41.328932,2.102677,7,13,7
AMBici,142167735,Carretera de la Marina,41.326879,2.100255,12,6,6
AMBici,142167858,Av. Onze de setembre - Remolar,41.319435,2.090309,5,15,5
AMBici,142168006,METRO Cèntric,41.32134,2.093764,3,17,3
AMBici,142168118,Jardins de Mon Racó,41.320122,2.098645,2,16,2
AMBici,146696174,Plaça Louis Braille,41.325121,2.103546,14,10,10
AMBici,146696391,Plaça Blanes,41.323695,2.099488,16,8,8
AMBici,146696648,Plaça Pau Casals,41.325692,2.094409,10,8,8
AMBici,146696865,Verge de Montserrat - Remolar,41.323741,2.088954,16,6,6
AMBici,146696979,Pompeu Fabra - Dolores Ibárruri,41.321609,2.086378,5,15,5
AMBici,146697261,CAP Pujol i Capsada,41.317388,2.083635,16,2,2
AMBici,556334521,Platja del Prat,41.287312,2.10321,3,17,3
AMBici,162850331,Plaça de Joan XXIII,41.285246,1.980578,3,21,3
AMBici,162850680,Camp de futbol Canyars,41.288177,1.985004,16,7,7
AMBici,162852840,Camps esportius Can Vinader,41.288054,1.976268,14,1,1
AMBici,162853266,RENFE Castelldefels,41.278946,1.978977,11,13,11
AMBici,162853796,Poliesportiu Can Roca,41.282308,1.972479,1,15,1
AMBici,162854346,Plaça de l'Ajuntament,41.281171,1.975948,0,20,0
AMBici,162855657,Platja de la Pineda,41.265513,1.978975,19,1,1
AMBici,162856145,RENFE Platja Castelldefels,41.266554,1.95719,0,20,0
AMBici,162856505,Plaça del Mar,41.266232,1.971588,6,14,6
AMBici,162856908,Plaça de les Palmeres,41.265438,1.992692,24,0,0
AMBici,162857299,Plaça Colom,41.283751,1.983799,6,13,6
AMBici,162857657,Equipaments Pitort,41.271414,1.988996,6,14,6
AMBici,162858020,CAP Can Bou,41.271195,1.975415,7,9,7
AMBici,522308936,Montmar,41.27769,1.969167,16,0,0
AMBici,522309537,Poal,41.268865,1.943849,15,4,4
AMBici,522577659,Bellamar,41.268679,1.951722,9,11,9
AMBici,522578148,Centre Cívic Vista Alegre,41.289416,1.98138,12,8,8
AMBici,164426778,Ca n'Alemany - Jocelyn Bell,41.303342,2.020577,5,13,5
AMBici,164426934,RENFE Parc de la Marina,41.310174,2.028198,10,9,9
AMBici,164427108,Viladecans Business Park - Tecnologia,41.313457,2.031508,12,6,6
AMBici,164427241,Can Calderon - Plaça Espanya,41.322121,2.028983,10,8,8
AMBici,164427363,Podium - Torre-roja,41.320123,2.022582,6,16,6
AMBici,164427523,Av. Dels Jocs Olímpics - Parc Torre-roja,41.322491,2.016308,8,12,8
AMBici,164427665,Plaça Constitució - Av. Roureda,41.321334,2.009591,8,12,8
AMBici,164427791,CAP Maria Bernades,41.317473,2.010245,4,18,4
AMBici,164427923,Torrent Ballester - Atrium,41.315704,2.012715,1,19,1
AMBici,164428048,Plaça de les Palmeres,41.315586,2.016322,0,17,0
AMBici,164428185,Riera de Sant Llorenç - Can Guardiola,41.311934,2.002152,19,0,0
AMBici,164428298,Av. Generalitat - Roca,41.306961,2.011608,3,17,3
AMBici,164428400,Av. Generalitat - Plaça de la Vila,41.315716,2.020871,16,7,7
AMBici,517511642,Antonio Machado - IES Sales,41.318032,2.028096,5,15,5
AMBici,517511908,Hospital de Viladecans - Av. Gavà,41.312756,2.015536,2,18,2
AMBici,517512111,Av. Miramar - IES Miramar,41.317959,2.00558,1,18,1
AMBici,517512443,Can Palmer - Av. Mil·lenari,41.309912,2.007795,0,20,0
AMBici,135349994,TRAM Sant Feliu - Consell Comarcal,41.379358,2.052798,2,18,2
AMBici,135350101,Can Calders - Rambla,41.386826,2.047494,14,6,6
AMBici,135350197,Can Nadal - Rectoria,41.381544,2.047023,13,12,12
AMBici,135350366,Mas Lluí - Vilardaga,41.386405,2.053121,18,10,10
AMBici,135350489,Falguera - Rafael Alberti,41.381533,2.040735,10,11,10
AMBici,135350604,Plaça Catalunya - Jutjats,41.383266,2.045684,8,10,8
AMBici,135350711,La Salut - Bombers,41.388552,2.043355,4,16,4
AMBici,135354948,Les Grases - Escoles,41.392345,2.049403,16,2,2
AMBici,135355081,RENFE Sant Feliu de Llobregat,41.384018,2.047004,6,10,6
AMBici,135355400,Plaça Vuit de març,41.378956,2.045552,0,18,0
AMBici,135355501,Can Maginàs,41.385474,2.040488,16,2,2
AMBici,135355700,Biblioteca - Complex,41.382761,2.049489,1,16,1
AMBici,517510787,Institut Olorda,41.383348,2.054758,18,2,2
AMBici,142142417,Plaça de la Constitució,41.382808,2.086174,1,19,1
AMBici,142142598,Av. dels Països Catalans - Residència Blume,41.379376,2.094119,7,11,7
AMBici,142143849,TRAM Pont d'Esplugues,41.376987,2.088554,3,21,3
AMBici,142144210,Biblioteca Pare Miquel d'Esplugues,41.375937,2.081794,1,19,1
AMBici,142144382,Plaça dels Records - Polígon El Gall,41.373128,2.08008,1,15,1
AMBici,142144579,TRAM La Sardana,41.373693,2.084217,3,17,3
AMBici,142144827,Camp Municipal d'Esports Salt del Pí,41.372494,2.089275,1,19,1
AMBici,142144985,Can Clota - Pont Nou,41.37445,2.091527,1,21,1
AMBici,142145101,METRO Can Vidalet,41.371083,2.099268,2,18,2
AMBici,142145334,TRAM Ca n'Oliveres,41.376558,2.097938,0,17,0
AMBici,142145509,Hospital Sant Joan de Déu,41.382707,2.100168,0,22,0
AMBici,179651003,RENFE Gavà,41.303534,2.010731,10,17,10
AMBici,179656178,Passeig Maragall,41.302998,2.002455,3,17,3
AMBici,179676307,Rambla Gavà,41.307104,2.00565,15,5,5
AMBici,179686634,Can Tries,41.312766,1.990501,4,8,4
AMBici,179692156,IES Calamot,41.307316,1.99325,4,16,4
AMBici,179736885,Ajuntament de Gavà,41.303418,1.99911,3,17,3
AMBici,179800533,Plaça Catalunya,41.308975,2.002376,10,6,6
AMBici,180826977,La Vela,41.267311,2.019936,4,16,4
AMBici,224439004,C-245 - Colomeres,41.299696,2.004405,3,17,3
AMBici,234346798,Av. Eramprunyà - Joan I,41.310013,1.994206,14,4,4
AMBici,238236114,La Font Groga,41.30726,1.998326,10,11,10
AMBici,520176345,Les Bòbiles,41.304332,1.992646,8,12,8
AMBici,520176542,Parc empresarial de Gavà,41.295467,2.009687,19,1,1
AMBici,520176745,Carrer Premià,41.270579,2.032839,7,13,7
AMBici,375505548,Plaça de la Vila - Av. de Catalunya,41.431216,2.217882,20,0,0
AMBici,375509209,RENFE Sant Adrià de Besòs,41.424194,2.230167,20,0,0
AMBici,522306197,TRAM La Catalana,41.422699,2.222524,6,14,6
AMBici,135350797,Av. Barcelona - Goytisolo,41.362707,2.057876,15,11,11
AMBici,135350904,Plaça del Pi,41.367171,2.060779,5,9,5
AMBici,135351007,Centre Miquel Martí i Pol,41.369036,2.071528,0,21,0
AMBici,135351108,Centre Cívic Torreblanca,41.377186,2.06005,1,23,1
AMBici,135354121,Ciutat esportiva Joan Gamper,41.37552,2.047241,10,12,10
AMBici,135354249,Centre Mercè Rodoreda,41.366994,2.054313,31,0,0
AMBici,135355812,Plaça del Mercat,41.366929,2.073851,2,10,2
AMBici,135355918,Centre Cívic Antoni Gaudí,41.373033,2.068996,5,16,5
AMBici,135356035,Av. Lluís Companys - Av. de la Generalitat,41.375476,2.056803,2,16,2
AMBici,162830923,RENFE Molins de Rei,41.409661,2.02074,8,12,8
AMBici,162831541,Zona Esportiva Ricard Ginebreda,41.405479,2.01926,18,1,1
AMBici,162832459,Les Guardioles,41.406264,2.025709,12,10,10
AMBici,162832849,Biblioteca el Molí,41.413688,2.015119,18,4,4
AMBici,162833253,La Granja,41.416852,2.011648,9,11,9
AMBici,162833691,Piscina Municipal,41.412512,2.021267,14,2,2
AMBici,531170493,Riera Nova,41.41679,2.022695,4,10,4
AMBici,531170778,Plaça de la Pau,41.410836,2.025345,1,21,1
AMBici,142141158,Mas Lluí - Parc Iulia Quieta,41.386214,2.059688,26,2,2
AMBici,142141545,TRAM Walden,41.380037,2.066618,7,13,7
AMBici,142141673,El Parador,41.383279,2.073643,0,21,0
AMBici,142141797,TRAM Rambla de Sant Just,41.378715,2.076763,4,14,4
AMBici,142142075,La Miranda - Canigó,41.386263,2.080294,5,9,5
AMBici,142142205,Plaça Maragall,41.381814,2.080662,4,13,4
AMBici,514223993,Can Ginestar,41.385986,2.074596,2,18,2
AMBici,514248105,INS Sant Just - CEM La Bonaigua,41.389583,2.075917,2,18,2
AMBici,514248539,Parc Plana Padrosa,41.392864,2.075163,5,10,5
AMBici,142153778,FGC Molí Nou - Ciutat Cooperativa,41.357892,2.034897,10,4,4
AMBici,142153915,CEM Pau Gasol,41.355854,2.025242,17,3,3
AMBici,142154091,Institut Marianao,41.349081,2.023385,6,12,6
AMBici,142154216,L'Olivera,41.351882,2.030121,11,13,11
AMBici,142154767,FGC Sant Boi,41.348472,2.042554,14,10,10
AMBici,142154898,Parc de la Muntanyeta,41.341439,2.038308,16,4,4
AMBici,142155014,Mercat de la Muntanyeta,41.345706,2.035232,4,14,4
AMBici,142166589,Institut Camps Blancs,41.336479,2.030187,2,16,2
AMBici,142166697,Ronda de Sant Ramon - Eusebi Güell,41.347484,2.028106,17,1,1
AMBici,142166803,Plaça del Llobregat,41.333233,2.042808,6,16,6
AMBici,525749099,C-245 - Sant Joan Bosco,41.339194,2.047222,7,13,7
AMBici,529241906,CC Sant Boi,41.329294,2.049846,8,10,8
AMBici,529243519,Pl. Catalunya,41.34023,2.041864,7,13,7
